BLOCK,PLOT,SIZE,TRT,SPECIES,DENSITY_HA,YEAR
1,2,large,bo,PSME,39.9829768,2002
1,2,large,bo,PIPO,79.9659536,2002
1,2,medium,bo,PSME,79.9659536,2002
1,2,medium,bo,PIPO,19.9914884,2002
1,2,small,bo,PSME,39.9829768,2002
1,5,large,bo,PIPO,139.9404188,2002
1,5,medium,bo,PIPO,39.9829768,2002
1,5,small,bo,PSME,39.9829768,2002
1,5,small,bo,PIPO,19.9914884,2002
1,9,large,bo,PSME,19.9914884,2002
1,9,large,bo,PIPO,19.9914884,2002
1,9,small,bo,PSME,99.957442,2002
1,12,large,bo,PSME,19.9914884,2002
1,12,large,bo,PIPO,79.9659536,2002
1,12,medium,bo,PSME,19.9914884,2002
1,12,small,bo,PSME,79.9659536,2002
1,18,large,bo,PIPO,159.9319072,2002
1,18,medium,bo,PIPO,39.9829768,2002
1,18,small,bo,PSME,19.9914884,2002
1,18,small,bo,PIPO,19.9914884,2002
1,22,large,bo,PSME,119.9489304,2002
1,22,large,bo,PIPO,19.9914884,2002
1,22,medium,bo,PSME,159.9319072,2002
1,22,medium,bo,PIPO,39.9829768,2002
1,22,small,bo,PSME,579.7531636,2002
1,24,large,bo,PSME,79.9659536,2002
1,24,medium,bo,PSME,99.957442,2002
1,24,medium,bo,PIPO,79.9659536,2002
1,24,small,bo,PSME,219.9063724,2002
1,24,small,bo,PIPO,819.6510244,2002
1,26,large,bo,PIPO,39.9829768,2002
1,26,medium,bo,PIPO,39.9829768,2002
1,26,small,bo,PIPO,1179.497816,2002
1,29,large,bo,PSME,99.957442,2002
1,29,medium,bo,PSME,59.9744652,2002
1,29,medium,bo,PIPO,39.9829768,2002
1,29,small,bo,PSME,99.957442,2002
1,29,small,bo,PIPO,19.9914884,2002
1,33,large,bo,PSME,19.9914884,2002
1,33,medium,bo,PSME,79.9659536,2002
1,33,small,bo,PSME,79.9659536,2002
1,33,small,bo,PIPO,79.9659536,2002
1,2,large,co,PSME,19.9914884,2002
1,2,large,co,PIPO,179.9233956,2002
1,2,medium,co,PSME,19.9914884,2002
1,2,medium,co,PIPO,3018.714748,2002
1,2,small,co,PSME,19.9914884,2002
1,2,small,co,PIPO,6897.063498,2002
1,5,large,co,PSME,59.9744652,2002
1,5,large,co,PIPO,39.9829768,2002
1,5,medium,co,PSME,39.9829768,2002
1,5,medium,co,PIPO,199.914884,2002
1,5,small,co,PSME,19.9914884,2002
1,5,small,co,PIPO,279.8808376,2002
1,9,large,co,PIPO,19.9914884,2002
1,9,medium,co,PIPO,199.914884,2002
1,9,small,co,PIPO,619.7361404,2002
1,12,large,co,PSME,59.9744652,2002
1,12,large,co,PIPO,39.9829768,2002
1,12,medium,co,PSME,39.9829768,2002
1,12,medium,co,PIPO,19.9914884,2002
1,12,small,co,LAOC,19.9914884,2002
1,12,small,co,PSME,59.9744652,2002
1,12,small,co,PIPO,19.9914884,2002
1,18,large,co,PSME,19.9914884,2002
1,18,large,co,PIPO,99.957442,2002
1,18,medium,co,PSME,19.9914884,2002
1,18,medium,co,PIPO,2239.046701,2002
1,18,small,co,PSME,19.9914884,2002
1,18,small,co,PIPO,11994.89304,2002
1,22,large,co,JUSC,19.9914884,2002
1,22,large,co,PIPO,39.9829768,2002
1,22,medium,co,PSME,59.9744652,2002
1,22,medium,co,PIPO,99.957442,2002
1,22,small,co,PSME,19.9914884,2002
1,22,small,co,PIPO,679.7106056,2002
1,24,large,co,PSME,59.9744652,2002
1,24,large,co,PIPO,19.9914884,2002
1,24,medium,co,PSME,99.957442,2002
1,24,medium,co,PIPO,19.9914884,2002
1,24,small,co,PSME,79.9659536,2002
1,26,large,co,PIPO,99.957442,2002
1,26,medium,co,PSME,79.9659536,2002
1,26,medium,co,PIPO,59.9744652,2002
1,26,small,co,JUSC,19.9914884,2002
1,26,small,co,PSME,39.9829768,2002
1,26,small,co,PIPO,739.6850708,2002
1,29,large,co,PIPO,59.9744652,2002
1,29,medium,co,PIPO,99.957442,2002
1,29,small,co,PIPO,139.9404188,2002
1,33,large,co,PSME,99.957442,2002
1,33,large,co,PIPO,39.9829768,2002
1,33,medium,co,PSME,179.9233956,2002
1,33,medium,co,PIPO,79.9659536,2002
1,33,small,co,PICO,19.9914884,2002
1,33,small,co,PSME,179.9233956,2002
1,33,small,co,PIPO,139.9404188,2002
1,2,large,tb,PIPO,19.9914884,2002
1,2,medium,tb,PSME,59.9744652,2002
1,2,small,tb,PSME,39.9829768,2002
1,2,small,tb,PIPO,159.9319072,2002
1,5,medium,tb,PSME,19.9914884,2002
1,9,large,tb,PSME,99.957442,2002
1,9,medium,tb,PSME,39.9829768,2002
1,9,small,tb,PSME,39.9829768,2002
1,12,medium,tb,PIPO,19.9914884,2002
1,12,small,tb,PSME,19.9914884,2002
1,18,medium,tb,PSME,19.9914884,2002
1,18,medium,tb,PIPO,19.9914884,2002
1,18,small,tb,PSME,39.9829768,2002
1,22,medium,tb,PIPO,39.9829768,2002
1,24,large,tb,PSME,19.9914884,2002
1,24,large,tb,PIPO,19.9914884,2002
1,24,medium,tb,PSME,19.9914884,2002
1,26,large,tb,PIPO,19.9914884,2002
1,26,large,tb,POTR,19.9914884,2002
1,26,medium,tb,PSME,39.9829768,2002
1,26,small,tb,PSME,19.9914884,2002
1,26,small,tb,PIPO,79.9659536,2002
1,29,large,tb,PSME,19.9914884,2002
1,29,medium,tb,PSME,39.9829768,2002
1,33,large,tb,PIPO,119.9489304,2002
1,33,medium,tb,PIPO,119.9489304,2002
1,33,small,tb,PSME,19.9914884,2002
1,33,small,tb,PIPO,39.9829768,2002
1,2,medium,to,PSME,19.9914884,2002
1,2,medium,to,PIPO,19.9914884,2002
1,2,small,to,PSME,19.9914884,2002
1,2,small,to,PIPO,139.9404188,2002
1,5,large,to,PSME,19.9914884,2002
1,5,medium,to,PIPO,19.9914884,2002
1,5,small,to,PSME,199.914884,2002
1,5,small,to,PIPO,259.8893492,2002
1,12,small,to,PSME,59.9744652,2002
1,12,small,to,PIPO,79.9659536,2002
1,18,large,to,PSME,19.9914884,2002
1,18,large,to,PIPO,19.9914884,2002
1,18,medium,to,PIPO,19.9914884,2002
1,18,small,to,PSME,99.957442,2002
1,18,small,to,PIPO,79.9659536,2002
1,22,large,to,PSME,79.9659536,2002
1,22,medium,to,PSME,199.914884,2002
1,22,medium,to,PIPO,39.9829768,2002
1,22,small,to,PSME,179.9233956,2002
1,22,small,to,PIPO,199.914884,2002
1,24,large,to,PIPO,19.9914884,2002
1,24,medium,to,PIPO,259.8893492,2002
1,24,small,to,PIPO,4178.221076,2002
1,26,large,to,PSME,19.9914884,2002
1,26,large,to,PIPO,19.9914884,2002
1,26,medium,to,PSME,39.9829768,2002
1,26,small,to,PIPO,1019.565908,2002
1,29,large,to,PIPO,19.9914884,2002
1,29,medium,to,JUSC,39.9829768,2002
1,29,medium,to,PSME,39.9829768,2002
1,29,medium,to,PIPO,119.9489304,2002
1,29,small,to,PSME,119.9489304,2002
1,29,small,to,PIPO,99.957442,2002
1,33,large,to,PSME,19.9914884,2002
1,33,medium,to,PSME,19.9914884,2002
1,33,small,to,PSME,59.9744652,2002
1,33,small,to,PIPO,19.9914884,2002
2,2,medium,bo,PSME,39.9829768,2002
2,2,small,bo,PSME,159.9319072,2002
2,5,large,bo,PSME,139.9404188,2002
2,5,medium,bo,PSME,519.7786984,2002
2,5,medium,bo,PIPO,59.9744652,2002
2,5,small,bo,PSME,3138.663679,2002
2,5,small,bo,PIPO,99.957442,2002
2,9,large,bo,LAOC,19.9914884,2002
2,9,large,bo,PSME,39.9829768,2002
2,12,large,bo,PSME,59.9744652,2002
2,12,medium,bo,PSME,19.9914884,2002
2,12,small,bo,PSME,59.9744652,2002
2,18,medium,bo,PIPO,19.9914884,2002
2,22,large,bo,PSME,19.9914884,2002
2,22,medium,bo,PSME,59.9744652,2002
2,22,medium,bo,PIPO,39.9829768,2002
2,22,small,bo,PSME,1279.455258,2002
2,24,large,bo,PSME,119.9489304,2002
2,24,medium,bo,PSME,239.8978608,2002
2,24,small,bo,PSME,1579.327584,2002
2,24,small,bo,PIPO,39.9829768,2002
2,26,large,bo,PSME,139.9404188,2002
2,26,large,bo,PIPO,19.9914884,2002
2,26,medium,bo,PSME,419.8212564,2002
2,26,small,bo,PSME,859.6340012,2002
2,29,large,bo,PSME,359.8467912,2002
2,29,medium,bo,LAOC,19.9914884,2002
2,29,medium,bo,PSME,299.872326,2002
2,29,small,bo,PSME,439.8127448,2002
2,33,large,bo,PSME,579.7531636,2002
2,33,large,bo,PIPO,19.9914884,2002
2,33,medium,bo,LAOC,19.9914884,2002
2,33,medium,bo,PSME,1179.497816,2002
2,33,medium,bo,PIPO,59.9744652,2002
2,33,small,bo,PSME,479.7957216,2002
2,33,small,bo,PIPO,119.9489304,2002
2,2,large,co,PSME,59.9744652,2002
2,2,large,co,POTR,19.9914884,2002
2,2,medium,co,PSME,319.8638144,2002
2,2,small,co,PSME,2718.842422,2002
2,2,small,co,PIPO,39.9829768,2002
2,5,large,co,PSME,19.9914884,2002
2,5,large,co,PIPO,19.9914884,2002
2,5,medium,co,PSME,59.9744652,2002
2,5,medium,co,PIPO,19.9914884,2002
2,5,small,co,PSME,99.957442,2002
2,9,large,co,PSME,19.9914884,2002
2,9,medium,co,PSME,59.9744652,2002
2,9,medium,co,PIPO,59.9744652,2002
2,9,small,co,PSME,959.5914432,2002
2,12,large,co,PSME,159.9319072,2002
2,12,large,co,PIPO,19.9914884,2002
2,12,medium,co,PSME,199.914884,2002
2,12,medium,co,PIPO,19.9914884,2002
2,12,small,co,LAOC,19.9914884,2002
2,12,small,co,PSME,1179.497816,2002
2,12,small,co,PIPO,19.9914884,2002
2,18,large,co,PSME,39.9829768,2002
2,18,large,co,PIPO,59.9744652,2002
2,18,medium,co,PSME,99.957442,2002
2,18,small,co,PSME,1959.165863,2002
2,18,small,co,PIPO,19.9914884,2002
2,22,large,co,PSME,19.9914884,2002
2,22,medium,co,PSME,259.8893492,2002
2,22,medium,co,PIPO,19.9914884,2002
2,22,small,co,PSME,2698.850934,2002
2,22,small,co,PIPO,99.957442,2002
2,24,large,co,PSME,139.9404188,2002
2,24,large,co,PIPO,39.9829768,2002
2,24,medium,co,PSME,119.9489304,2002
2,24,medium,co,PIPO,19.9914884,2002
2,24,small,co,PSME,779.6680476,2002
2,24,small,co,PIPO,19.9914884,2002
2,26,medium,co,PSME,39.9829768,2002
2,26,small,co,PSME,1039.557397,2002
2,26,small,co,PIPO,19.9914884,2002
2,29,large,co,PSME,99.957442,2002
2,29,large,co,PIPO,59.9744652,2002
2,29,medium,co,PSME,219.9063724,2002
2,29,small,co,PSME,1019.565908,2002
2,29,small,co,PIPO,79.9659536,2002
2,33,large,co,PSME,59.9744652,2002
2,33,large,co,PIPO,59.9744652,2002
2,33,medium,co,PIPO,19.9914884,2002
2,33,small,co,PSME,499.78721,2002
2,33,small,co,PIPO,19.9914884,2002
2,2,small,tb,PSME,239.8978608,2002
2,2,small,tb,PIPO,19.9914884,2002
2,5,large,tb,PSME,99.957442,2002
2,5,medium,tb,PSME,39.9829768,2002
2,5,small,tb,PSME,79.9659536,2002
2,9,small,tb,PSME,1099.531862,2002
2,9,small,tb,PIPO,59.9744652,2002
2,12,small,tb,PSME,19.9914884,2002
2,18,medium,tb,PSME,19.9914884,2002
2,18,small,tb,PSME,159.9319072,2002
2,22,large,tb,PSME,19.9914884,2002
2,22,medium,tb,PSME,19.9914884,2002
2,22,small,tb,LAOC,19.9914884,2002
2,22,small,tb,PSME,119.9489304,2002
2,26,large,tb,LAOC,19.9914884,2002
2,26,large,tb,PSME,19.9914884,2002
2,26,medium,tb,LAOC,19.9914884,2002
2,26,medium,tb,PSME,79.9659536,2002
2,26,small,tb,LAOC,39.9829768,2002
2,26,small,tb,PSME,639.7276288,2002
2,29,medium,tb,PSME,19.9914884,2002
2,33,large,tb,LAOC,19.9914884,2002
2,33,large,tb,PSME,19.9914884,2002
2,33,large,tb,PIPO,19.9914884,2002
2,33,medium,tb,PSME,59.9744652,2002
2,33,small,tb,PSME,439.8127448,2002
2,2,large,to,PSME,79.9659536,2002
2,2,medium,to,PSME,19.9914884,2002
2,2,small,to,PSME,39.9829768,2002
2,5,large,to,PSME,19.9914884,2002
2,5,medium,to,PSME,139.9404188,2002
2,5,small,to,PSME,2259.038189,2002
2,5,small,to,PIPO,39.9829768,2002
2,9,medium,to,PSME,239.8978608,2002
2,9,small,to,PSME,2339.004143,2002
2,9,small,to,PIPO,19.9914884,2002
2,12,large,to,PSME,99.957442,2002
2,12,medium,to,PSME,239.8978608,2002
2,12,small,to,PSME,319.8638144,2002
2,18,small,to,PSME,199.914884,2002
2,22,medium,to,PSME,79.9659536,2002
2,22,small,to,PSME,499.78721,2002
2,24,large,to,PSME,19.9914884,2002
2,24,medium,to,PSME,79.9659536,2002
2,24,small,to,LAOC,19.9914884,2002
2,24,small,to,PSME,439.8127448,2002
2,26,large,to,PSME,99.957442,2002
2,26,medium,to,PSME,179.9233956,2002
2,26,small,to,PSME,519.7786984,2002
2,29,large,to,PSME,19.9914884,2002
2,29,medium,to,PSME,19.9914884,2002
2,29,small,to,LAOC,19.9914884,2002
2,29,small,to,PSME,279.8808376,2002
2,29,small,to,PIPO,19.9914884,2002
2,33,large,to,PSME,59.9744652,2002
2,33,medium,to,PSME,179.9233956,2002
2,33,small,to,PSME,1359.421211,2002
3,2,large,bo,PSME,59.9744652,2002
3,2,large,bo,PIPO,79.9659536,2002
3,2,medium,bo,PICO,59.9744652,2002
3,2,medium,bo,PSME,139.9404188,2002
3,2,medium,bo,PIPO,239.8978608,2002
3,2,small,bo,PSME,1179.497816,2002
3,2,small,bo,PIPO,2259.038189,2002
3,5,large,bo,PICO,19.9914884,2002
3,5,large,bo,PSME,379.8382796,2002
3,5,large,bo,PIPO,99.957442,2002
3,5,medium,bo,PSME,799.659536,2002
3,5,medium,bo,PIPO,219.9063724,2002
3,5,small,bo,PICO,99.957442,2002
3,5,small,bo,PSME,659.7191172,2002
3,5,small,bo,PIPO,3298.595586,2002
3,9,large,bo,PICO,19.9914884,2002
3,9,large,bo,PSME,39.9829768,2002
3,9,large,bo,PIPO,399.829768,2002
3,9,medium,bo,PICO,39.9829768,2002
3,9,medium,bo,PSME,59.9744652,2002
3,9,medium,bo,PIPO,1039.557397,2002
3,9,small,bo,PICO,139.9404188,2002
3,9,small,bo,PSME,759.6765592,2002
3,9,small,bo,PIPO,3658.442377,2002
3,12,large,bo,PSME,39.9829768,2002
3,12,large,bo,PIPO,39.9829768,2002
3,12,medium,bo,PSME,59.9744652,2002
3,12,medium,bo,PIPO,19.9914884,2002
3,12,small,bo,PSME,79.9659536,2002
3,12,small,bo,PIPO,139.9404188,2002
3,18,large,bo,PICO,39.9829768,2002
3,18,large,bo,PSME,99.957442,2002
3,18,large,bo,PIPO,79.9659536,2002
3,18,medium,bo,PICO,39.9829768,2002
3,18,medium,bo,PSME,119.9489304,2002
3,18,medium,bo,PIPO,399.829768,2002
3,18,small,bo,PICO,19.9914884,2002
3,18,small,bo,PSME,79.9659536,2002
3,18,small,bo,PIPO,939.5999548,2002
3,22,large,bo,PSME,19.9914884,2002
3,22,large,bo,PIPO,179.9233956,2002
3,22,medium,bo,PICO,19.9914884,2002
3,22,medium,bo,PIPO,799.659536,2002
3,22,small,bo,PSME,39.9829768,2002
3,22,small,bo,PIPO,2598.893492,2002
3,24,large,bo,PIPO,299.872326,2002
3,24,medium,bo,PIPO,299.872326,2002
3,24,small,bo,PSME,119.9489304,2002
3,24,small,bo,PIPO,199.914884,2002
3,26,large,bo,PICO,19.9914884,2002
3,26,large,bo,PIPO,139.9404188,2002
3,26,medium,bo,PSME,99.957442,2002
3,26,medium,bo,PIPO,139.9404188,2002
3,26,small,bo,PSME,619.7361404,2002
3,26,small,bo,PIPO,199.914884,2002
3,29,large,bo,PSME,79.9659536,2002
3,29,large,bo,PIPO,79.9659536,2002
3,29,medium,bo,PSME,239.8978608,2002
3,29,medium,bo,PIPO,479.7957216,2002
3,29,small,bo,PSME,879.6254896,2002
3,29,small,bo,PIPO,5177.795496,2002
3,33,large,bo,PSME,39.9829768,2002
3,33,large,bo,PIPO,199.914884,2002
3,33,medium,bo,PICO,19.9914884,2002
3,33,medium,bo,PSME,59.9744652,2002
3,33,medium,bo,PIPO,459.8042332,2002
3,33,small,bo,PICO,19.9914884,2002
3,33,small,bo,PSME,499.78721,2002
3,33,small,bo,PIPO,1539.344607,2002
3,2,large,co,PSME,59.9744652,2002
3,2,medium,co,PSME,479.7957216,2002
3,2,small,co,PSME,2678.859446,2002
3,2,small,co,PIPO,199.914884,2002
3,5,large,co,PSME,19.9914884,2002
3,5,large,co,PIPO,39.9829768,2002
3,5,medium,co,PSME,19.9914884,2002
3,5,medium,co,PIPO,79.9659536,2002
3,5,small,co,JUSC,19.9914884,2002
3,5,small,co,PSME,419.8212564,2002
3,5,small,co,PIPO,79.9659536,2002
3,9,large,co,PSME,179.9233956,2002
3,9,large,co,PIPO,19.9914884,2002
3,9,medium,co,PICO,19.9914884,2002
3,9,medium,co,PSME,739.6850708,2002
3,9,small,co,PSME,2478.944562,2002
3,9,small,co,PIPO,199.914884,2002
3,12,large,co,PSME,59.9744652,2002
3,12,medium,co,PSME,239.8978608,2002
3,12,medium,co,PIPO,79.9659536,2002
3,12,small,co,PSME,1899.191398,2002
3,12,small,co,PIPO,1599.319072,2002
3,18,large,co,PICO,19.9914884,2002
3,18,large,co,PSME,59.9744652,2002
3,18,medium,co,PICO,39.9829768,2002
3,18,medium,co,PSME,59.9744652,2002
3,18,medium,co,PIPO,119.9489304,2002
3,18,small,co,PICO,79.9659536,2002
3,18,small,co,PSME,1079.540374,2002
3,18,small,co,PIPO,1399.404188,2002
3,22,large,co,PSME,59.9744652,2002
3,22,large,co,PIPO,19.9914884,2002
3,22,medium,co,PSME,159.9319072,2002
3,22,small,co,PSME,2239.046701,2002
3,22,small,co,PIPO,219.9063724,2002
3,24,large,co,PSME,39.9829768,2002
3,24,large,co,PIPO,39.9829768,2002
3,24,medium,co,PSME,19.9914884,2002
3,24,medium,co,PIPO,19.9914884,2002
3,24,small,co,PSME,59.9744652,2002
3,26,large,co,PSME,79.9659536,2002
3,26,large,co,PIPO,39.9829768,2002
3,26,medium,co,PIPO,179.9233956,2002
3,26,small,co,PSME,139.9404188,2002
3,26,small,co,PIPO,1519.353118,2002
3,29,large,co,PSME,119.9489304,2002
3,29,medium,co,PSME,79.9659536,2002
3,29,medium,co,PIPO,19.9914884,2002
3,29,small,co,PSME,219.9063724,2002
3,29,small,co,PIPO,259.8893492,2002
3,33,large,co,PSME,39.9829768,2002
3,33,medium,co,PSME,39.9829768,2002
3,33,small,co,PSME,139.9404188,2002
3,33,small,co,PIPO,39.9829768,2002
3,2,large,tb,PIPO,39.9829768,2002
3,2,small,tb,PIPO,79.9659536,2002
3,5,large,tb,PIPO,39.9829768,2002
3,5,medium,tb,PIPO,19.9914884,2002
3,5,small,tb,PSME,19.9914884,2002
3,5,small,tb,PIPO,19.9914884,2002
3,18,large,tb,PIPO,19.9914884,2002
3,18,medium,tb,PSME,19.9914884,2002
3,18,medium,tb,PIPO,59.9744652,2002
3,18,small,tb,PSME,59.9744652,2002
3,18,small,tb,PIPO,59.9744652,2002
3,24,medium,tb,PIPO,19.9914884,2002
3,33,large,tb,PICO,99.957442,2002
3,33,large,tb,PIPO,39.9829768,2002
3,2,large,to,PIPO,19.9914884,2002
3,2,medium,to,PSME,19.9914884,2002
3,2,small,to,PSME,19.9914884,2002
3,2,small,to,PIPO,39.9829768,2002
3,5,large,to,PICO,19.9914884,2002
3,5,large,to,PSME,19.9914884,2002
3,5,large,to,PIPO,39.9829768,2002
3,5,medium,to,PSME,59.9744652,2002
3,5,medium,to,PIPO,279.8808376,2002
3,5,small,to,PICO,19.9914884,2002
3,5,small,to,PSME,279.8808376,2002
3,5,small,to,PIPO,779.6680476,2002
3,9,large,to,PICO,19.9914884,2002
3,9,large,to,PIPO,39.9829768,2002
3,9,medium,to,PICO,19.9914884,2002
3,9,small,to,PSME,39.9829768,2002
3,12,large,to,PSME,19.9914884,2002
3,12,medium,to,JUSC,19.9914884,2002
3,12,medium,to,PSME,119.9489304,2002
3,12,small,to,PSME,1919.182886,2002
3,12,small,to,PIPO,19.9914884,2002
3,18,large,to,PIPO,419.8212564,2002
3,18,medium,to,PSME,59.9744652,2002
3,18,medium,to,PIPO,1179.497816,2002
3,18,small,to,PICO,19.9914884,2002
3,18,small,to,PSME,199.914884,2002
3,18,small,to,PIPO,2878.77433,2002
3,22,large,to,PSME,19.9914884,2002
3,22,large,to,PIPO,39.9829768,2002
3,22,medium,to,PICO,19.9914884,2002
3,22,medium,to,PSME,19.9914884,2002
3,22,small,to,JUSC,19.9914884,2002
3,22,small,to,PSME,119.9489304,2002
3,22,small,to,PIPO,19.9914884,2002
3,24,large,to,JUSC,19.9914884,2002
3,24,large,to,PICO,19.9914884,2002
3,24,large,to,PSME,39.9829768,2002
3,24,large,to,PIPO,19.9914884,2002
3,24,medium,to,JUSC,19.9914884,2002
3,24,medium,to,PICO,39.9829768,2002
3,24,medium,to,PSME,59.9744652,2002
3,24,medium,to,PIPO,99.957442,2002
3,24,small,to,PICO,39.9829768,2002
3,24,small,to,PSME,239.8978608,2002
3,24,small,to,PIPO,559.7616752,2002
3,26,large,to,PSME,39.9829768,2002
3,26,medium,to,PSME,39.9829768,2002
3,26,medium,to,PIPO,19.9914884,2002
3,26,small,to,JUSC,19.9914884,2002
3,26,small,to,PSME,179.9233956,2002
3,28,large,to,PIPO,139.9404188,2002
3,28,medium,to,PSME,19.9914884,2002
3,28,medium,to,PIPO,379.8382796,2002
3,28,small,to,PICO,19.9914884,2002
3,28,small,to,PSME,199.914884,2002
3,28,small,to,PIPO,599.744652,2002
3,31,large,to,PICO,19.9914884,2002
3,31,large,to,PIPO,19.9914884,2002
3,31,medium,to,PICO,19.9914884,2002
3,31,medium,to,PIPO,179.9233956,2002
3,31,small,to,PIPO,239.8978608,2002
1,2,large,bo,NONE,0,2022
1,2,medium,bo,NONE,0,2022
1,2,small,bo,NONE,0,2022
1,2,large,bo,PSME,100,2022
1,2,medium,bo,PSME,20,2022
1,2,small,bo,PSME,300,2022
1,5,large,bo,NONE,0,2022
1,5,medium,bo,NONE,0,2022
1,5,small,bo,NONE,0,2022
1,5,large,bo,PSME,0,2022
1,5,medium,bo,PSME,0,2022
1,5,small,bo,PSME,20,2022
1,5,large,bo,PIPO,20,2022
1,5,medium,bo,PIPO,20,2022
1,5,small,bo,PIPO,20,2022
1,9,large,bo,NONE,0,2022
1,9,medium,bo,NONE,0,2022
1,9,small,bo,NONE,0,2022
1,9,large,bo,PSME,0,2022
1,9,medium,bo,PSME,20,2022
1,9,small,bo,PSME,60,2022
1,12,large,bo,NONE,0,2022
1,12,medium,bo,NONE,0,2022
1,12,small,bo,NONE,0,2022
1,12,large,bo,PSME,20,2022
1,12,medium,bo,PSME,60,2022
1,12,small,bo,PSME,20,2022
1,18,large,bo,NONE,0,2022
1,18,medium,bo,NONE,0,2022
1,18,small,bo,NONE,0,2022
1,18,large,bo,PSME,0,2022
1,18,medium,bo,PSME,0,2022
1,18,small,bo,PSME,20,2022
1,18,large,bo,PIPO,0,2022
1,18,medium,bo,PIPO,40,2022
1,18,small,bo,PIPO,0,2022
1,22,large,bo,PSME,80,2022
1,22,medium,bo,PSME,320,2022
1,22,small,bo,PSME,340,2022
1,22,large,bo,PIPO,0,2022
1,22,medium,bo,PIPO,20,2022
1,22,small,bo,PIPO,20,2022
1,24,large,bo,PSME,80,2022
1,24,medium,bo,PSME,120,2022
1,24,small,bo,PSME,120,2022
1,24,large,bo,PIPO,20,2022
1,24,medium,bo,PIPO,0,2022
1,24,small,bo,PIPO,800,2022
1,26,large,bo,NONE,0,2022
1,26,medium,bo,NONE,0,2022
1,26,small,bo,NONE,0,2022
1,26,large,bo,PSME,0,2022
1,26,medium,bo,PSME,20,2022
1,26,small,bo,PSME,120,2022
1,26,large,bo,PIPO,0,2022
1,26,medium,bo,PIPO,140,2022
1,26,small,bo,PIPO,1820,2022
1,29,large,bo,NONE,0,2022
1,29,medium,bo,NONE,0,2022
1,29,small,bo,NONE,0,2022
1,29,large,bo,PSME,40,2022
1,29,medium,bo,PSME,20,2022
1,29,small,bo,PSME,0,2022
1,33,large,bo,NONE,0,2022
1,33,medium,bo,NONE,0,2022
1,33,small,bo,NONE,0,2022
1,33,large,bo,PSME,20,2022
1,33,medium,bo,PSME,120,2022
1,33,small,bo,PSME,40,2022
1,33,large,bo,PIPO,0,2022
1,33,medium,bo,PIPO,0,2022
1,33,small,bo,PIPO,40,2022
1,2,large,co,PSME,40,2022
1,2,medium,co,PSME,20,2022
1,2,small,co,PSME,60,2022
1,2,large,co,PIPO,960,2022
1,2,medium,co,PIPO,3780,2022
1,2,small,co,PIPO,3100,2022
1,5,large,co,NONE,0,2022
1,5,medium,co,NONE,0,2022
1,5,small,co,NONE,0,2022
1,5,large,co,PSME,0,2022
1,5,medium,co,PSME,60,2022
1,5,small,co,PSME,40,2022
1,5,large,co,PIPO,240,2022
1,5,medium,co,PIPO,200,2022
1,5,small,co,PIPO,180,2022
1,9,large,co,PSME,0,2022
1,9,medium,co,PSME,40,2022
1,9,small,co,PSME,0,2022
1,9,large,co,PIPO,240,2022
1,9,medium,co,PIPO,380,2022
1,9,small,co,PIPO,800,2022
1,12,large,co,PSME,60,2022
1,12,medium,co,PSME,20,2022
1,12,small,co,PSME,140,2022
1,12,large,co,PIPO,40,2022
1,12,medium,co,PIPO,20,2022
1,12,small,co,PIPO,20,2022
1,18,large,co,PSME,20,2022
1,18,medium,co,PSME,20,2022
1,18,small,co,PSME,20,2022
1,18,large,co,PIPO,620,2022
1,18,medium,co,PIPO,3660,2022
1,18,small,co,PIPO,3900,2022
1,22,large,co,NONE,0,2022
1,22,medium,co,NONE,0,2022
1,22,small,co,NONE,0,2022
1,22,large,co,PSME,20,2022
1,22,medium,co,PSME,60,2022
1,22,small,co,PSME,60,2022
1,22,large,co,PIPO,20,2022
1,22,medium,co,PIPO,240,2022
1,22,small,co,PIPO,660,2022
1,24,large,co,NONE,0,2022
1,24,medium,co,NONE,0,2022
1,24,small,co,NONE,0,2022
1,24,large,co,PSME,40,2022
1,24,medium,co,PSME,100,2022
1,24,small,co,PSME,40,2022
1,24,large,co,PIPO,20,2022
1,24,medium,co,PIPO,0,2022
1,24,small,co,PIPO,0,2022
1,26,large,co,NONE,0,2022
1,26,medium,co,NONE,0,2022
1,26,small,co,NONE,0,2022
1,26,large,co,PIPO,40,2022
1,26,medium,co,PIPO,140,2022
1,26,small,co,PIPO,440,2022
1,29,large,co,NONE,0,2022
1,29,medium,co,NONE,0,2022
1,29,small,co,NONE,0,2022
1,29,large,co,PSME,0,2022
1,29,medium,co,PSME,0,2022
1,29,small,co,PSME,100,2022
1,29,large,co,PIPO,40,2022
1,29,medium,co,PIPO,80,2022
1,29,small,co,PIPO,480,2022
1,33,large,co,NONE,0,2022
1,33,medium,co,NONE,0,2022
1,33,small,co,NONE,0,2022
1,33,large,co,PSME,100,2022
1,33,medium,co,PSME,80,2022
1,33,small,co,PSME,120,2022
1,33,large,co,PIPO,40,2022
1,33,medium,co,PIPO,0,2022
1,33,small,co,PIPO,40,2022
1,2,large,tb,NONE,0,2022
1,2,medium,tb,NONE,0,2022
1,2,small,tb,NONE,0,2022
1,2,large,tb,PSME,0,2022
1,2,medium,tb,PSME,0,2022
1,2,small,tb,PSME,60,2022
1,2,large,tb,PIPO,60,2022
1,2,medium,tb,PIPO,80,2022
1,2,small,tb,PIPO,120,2022
1,5,large,tb,NONE,0,2022
1,5,medium,tb,NONE,0,2022
1,5,small,tb,NONE,0,2022
1,9,large,tb,NONE,0,2022
1,9,medium,tb,NONE,0,2022
1,9,small,tb,NONE,0,2022
1,9,large,tb,PIPO,0,2022
1,9,medium,tb,PIPO,0,2022
1,9,small,tb,PIPO,20,2022
1,12,large,tb,NONE,0,2022
1,12,medium,tb,NONE,0,2022
1,12,small,tb,NONE,0,2022
1,12,large,tb,PSME,0,2022
1,12,medium,tb,PSME,0,2022
1,12,small,tb,PSME,20,2022
1,12,large,tb,PIPO,0,2022
1,12,medium,tb,PIPO,0,2022
1,12,small,tb,PIPO,20,2022
1,18,large,tb,NONE,0,2022
1,18,medium,tb,NONE,0,2022
1,18,small,tb,NONE,0,2022
1,18,large,tb,PSME,40,2022
1,18,medium,tb,PSME,0,2022
1,18,small,tb,PSME,60,2022
1,18,large,tb,PIPO,20,2022
1,18,medium,tb,PIPO,60,2022
1,18,small,tb,PIPO,80,2022
1,22,large,tb,NONE,0,2022
1,22,medium,tb,NONE,0,2022
1,22,small,tb,NONE,0,2022
1,22,large,tb,PSME,0,2022
1,22,medium,tb,PSME,0,2022
1,22,small,tb,PSME,20,2022
1,22,large,tb,PIPO,20,2022
1,22,medium,tb,PIPO,0,2022
1,22,small,tb,PIPO,60,2022
1,24,large,tb,NONE,0,2022
1,24,medium,tb,NONE,0,2022
1,24,small,tb,NONE,0,2022
1,26,large,tb,PSME,40,2022
1,26,medium,tb,PSME,20,2022
1,26,small,tb,PSME,20,2022
1,26,large,tb,PIPO,20,2022
1,26,medium,tb,PIPO,20,2022
1,26,small,tb,PIPO,60,2022
1,29,large,tb,NONE,0,2022
1,29,medium,tb,NONE,0,2022
1,29,small,tb,NONE,0,2022
1,29,large,tb,PIPO,0,2022
1,29,medium,tb,PIPO,0,2022
1,29,small,tb,PIPO,40,2022
1,33,large,tb,NONE,0,2022
1,33,medium,tb,NONE,0,2022
1,33,small,tb,NONE,0,2022
1,33,large,tb,PSME,20,2022
1,33,medium,tb,PSME,0,2022
1,33,small,tb,PSME,60,2022
1,33,large,tb,PIPO,60,2022
1,33,medium,tb,PIPO,20,2022
1,33,small,tb,PIPO,100,2022
1,2,large,to,PICO,0,2022
1,2,medium,to,PICO,20,2022
1,2,small,to,PICO,20,2022
1,2,large,to,PSME,40,2022
1,2,medium,to,PSME,100,2022
1,2,small,to,PSME,320,2022
1,2,large,to,PIPO,20,2022
1,2,medium,to,PIPO,180,2022
1,2,small,to,PIPO,860,2022
1,5,large,to,PSME,80,2022
1,5,medium,to,PSME,220,2022
1,5,small,to,PSME,340,2022
1,5,large,to,PIPO,40,2022
1,5,medium,to,PIPO,140,2022
1,5,small,to,PIPO,780,2022
1,9,large,to,NONE,0,2022
1,9,medium,to,NONE,0,2022
1,9,small,to,NONE,0,2022
1,9,large,to,PSME,0,2022
1,9,medium,to,PSME,0,2022
1,9,small,to,PSME,20,2022
1,9,large,to,PIPO,0,2022
1,9,medium,to,PIPO,0,2022
1,9,small,to,PIPO,80,2022
1,12,large,to,PSME,20,2022
1,12,medium,to,PSME,100,2022
1,12,small,to,PSME,100,2022
1,12,large,to,PIPO,0,2022
1,12,medium,to,PIPO,100,2022
1,12,small,to,PIPO,320,2022
1,18,large,to,PSME,40,2022
1,18,medium,to,PSME,60,2022
1,18,small,to,PSME,80,2022
1,18,large,to,PIPO,60,2022
1,18,medium,to,PIPO,40,2022
1,18,small,to,PIPO,180,2022
1,22,large,to,PSME,180,2022
1,22,medium,to,PSME,200,2022
1,22,small,to,PSME,380,2022
1,22,large,to,PIPO,20,2022
1,22,medium,to,PIPO,60,2022
1,22,small,to,PIPO,500,2022
1,24,large,to,NONE,0,2022
1,24,medium,to,NONE,0,2022
1,24,small,to,NONE,0,2022
1,24,large,to,PIPO,120,2022
1,24,medium,to,PIPO,1520,2022
1,24,small,to,PIPO,3280,2022
1,26,large,to,PSME,20,2022
1,26,medium,to,PSME,0,2022
1,26,small,to,PSME,0,2022
1,26,large,to,PIPO,40,2022
1,26,medium,to,PIPO,720,2022
1,26,small,to,PIPO,1840,2022
1,29,large,to,PSME,80,2022
1,29,medium,to,PSME,340,2022
1,29,small,to,PSME,1360,2022
1,29,large,to,PIPO,0,2022
1,29,medium,to,PIPO,20,2022
1,29,small,to,PIPO,100,2022
1,33,large,to,PSME,40,2022
1,33,medium,to,PSME,180,2022
1,33,small,to,PSME,100,2022
1,33,large,to,PIPO,0,2022
1,33,medium,to,PIPO,40,2022
1,33,small,to,PIPO,40,2022
2,2,large,bo,NONE,0,2022
2,2,medium,bo,NONE,0,2022
2,2,small,bo,NONE,0,2022
2,2,large,bo,PSME,0,2022
2,2,medium,bo,PSME,40,2022
2,2,small,bo,PSME,700,2022
2,5,large,bo,LAOC,0,2022
2,5,medium,bo,LAOC,0,2022
2,5,small,bo,LAOC,40,2022
2,5,large,bo,PSME,220,2022
2,5,medium,bo,PSME,660,2022
2,5,small,bo,PSME,1860,2022
2,5,large,bo,PIPO,20,2022
2,5,medium,bo,PIPO,20,2022
2,5,small,bo,PIPO,80,2022
2,9,large,bo,LAOC,60,2022
2,9,medium,bo,LAOC,100,2022
2,9,small,bo,LAOC,200,2022
2,9,large,bo,PSME,0,2022
2,9,medium,bo,PSME,80,2022
2,9,small,bo,PSME,920,2022
2,12,large,bo,LAOC,0,2022
2,12,medium,bo,LAOC,100,2022
2,12,small,bo,LAOC,400,2022
2,12,large,bo,NONE,0,2022
2,12,medium,bo,NONE,0,2022
2,12,small,bo,NONE,0,2022
2,12,large,bo,PSME,0,2022
2,12,medium,bo,PSME,80,2022
2,12,small,bo,PSME,700,2022
2,12,large,bo,PIPO,0,2022
2,12,medium,bo,PIPO,0,2022
2,12,small,bo,PIPO,40,2022
2,18,large,bo,LAOC,200,2022
2,18,medium,bo,LAOC,100,2022
2,18,small,bo,LAOC,100,2022
2,18,large,bo,NONE,0,2022
2,18,medium,bo,NONE,0,2022
2,18,small,bo,NONE,0,2022
2,18,large,bo,PSME,0,2022
2,18,medium,bo,PSME,380,2022
2,18,small,bo,PSME,640,2022
2,18,large,bo,PIPO,0,2022
2,18,medium,bo,PIPO,80,2022
2,18,small,bo,PIPO,120,2022
2,22,large,bo,NONE,0,2022
2,22,medium,bo,NONE,0,2022
2,22,small,bo,NONE,0,2022
2,22,large,bo,PSME,40,2022
2,22,medium,bo,PSME,720,2022
2,22,small,bo,PSME,1640,2022
2,22,large,bo,PIPO,0,2022
2,22,medium,bo,PIPO,0,2022
2,22,small,bo,PIPO,20,2022
2,24,large,bo,PSME,200,2022
2,24,medium,bo,PSME,680,2022
2,24,small,bo,PSME,2340,2022
2,24,large,bo,PIPO,0,2022
2,24,medium,bo,PIPO,0,2022
2,24,small,bo,PIPO,40,2022
2,26,large,bo,PSME,300,2022
2,26,medium,bo,PSME,580,2022
2,26,small,bo,PSME,680,2022
2,29,large,bo,NONE,0,2022
2,29,medium,bo,NONE,0,2022
2,29,small,bo,NONE,0,2022
2,29,large,bo,PSME,280,2022
2,29,medium,bo,PSME,200,2022
2,29,small,bo,PSME,680,2022
2,33,large,bo,NONE,0,2022
2,33,medium,bo,NONE,0,2022
2,33,small,bo,NONE,0,2022
2,33,large,bo,PSME,320,2022
2,33,medium,bo,PSME,280,2022
2,33,small,bo,PSME,40,2022
2,33,large,bo,PIPO,40,2022
2,33,medium,bo,PIPO,20,2022
2,33,small,bo,PIPO,20,2022
2,2,large,co,LAOC,0,2022
2,2,medium,co,LAOC,0,2022
2,2,small,co,LAOC,20,2022
2,2,large,co,PSME,320,2022
2,2,medium,co,PSME,740,2022
2,2,small,co,PSME,4260,2022
2,2,large,co,PIPO,0,2022
2,2,medium,co,PIPO,0,2022
2,2,small,co,PIPO,40,2022
2,5,large,co,NONE,0,2022
2,5,medium,co,NONE,0,2022
2,5,small,co,NONE,0,2022
2,5,large,co,PSME,20,2022
2,5,medium,co,PSME,20,2022
2,5,small,co,PSME,280,2022
2,5,large,co,PIPO,20,2022
2,5,medium,co,PIPO,20,2022
2,5,small,co,PIPO,0,2022
2,9,large,co,NONE,0,2022
2,9,medium,co,NONE,0,2022
2,9,small,co,NONE,0,2022
2,9,large,co,PSME,60,2022
2,9,medium,co,PSME,300,2022
2,9,small,co,PSME,1460,2022
2,9,large,co,PIPO,20,2022
2,9,medium,co,PIPO,40,2022
2,9,small,co,PIPO,0,2022
2,12,large,co,LAOC,0,2022
2,12,medium,co,LAOC,0,2022
2,12,small,co,LAOC,20,2022
2,12,large,co,PSME,80,2022
2,12,medium,co,PSME,520,2022
2,12,small,co,PSME,760,2022
2,18,large,co,NONE,0,2022
2,18,medium,co,NONE,0,2022
2,18,small,co,NONE,0,2022
2,18,large,co,PSME,20,2022
2,18,medium,co,PSME,420,2022
2,18,small,co,PSME,2840,2022
2,18,large,co,PIPO,40,2022
2,18,medium,co,PIPO,0,2022
2,18,small,co,PIPO,0,2022
2,22,large,co,PSME,100,2022
2,22,medium,co,PSME,880,2022
2,22,small,co,PSME,2240,2022
2,22,large,co,PIPO,20,2022
2,22,medium,co,PIPO,0,2022
2,22,small,co,PIPO,20,2022
2,24,large,co,PSME,20,2022
2,24,medium,co,PSME,300,2022
2,24,small,co,PSME,1200,2022
2,24,large,co,PIPO,20,2022
2,24,medium,co,PIPO,0,2022
2,24,small,co,PIPO,40,2022
2,26,large,co,NONE,0,2022
2,26,medium,co,NONE,0,2022
2,26,small,co,NONE,0,2022
2,26,large,co,PSME,20,2022
2,26,medium,co,PSME,340,2022
2,26,small,co,PSME,1160,2022
2,26,large,co,PIPO,0,2022
2,26,medium,co,PIPO,0,2022
2,26,small,co,PIPO,20,2022
2,29,large,co,PSME,60,2022
2,29,medium,co,PSME,440,2022
2,29,small,co,PSME,820,2022
2,29,large,co,PIPO,40,2022
2,29,medium,co,PIPO,0,2022
2,29,small,co,PIPO,20,2022
2,33,large,co,PSME,40,2022
2,33,medium,co,PSME,160,2022
2,33,small,co,PSME,800,2022
2,33,large,co,PIPO,20,2022
2,33,medium,co,PIPO,0,2022
2,33,small,co,PIPO,20,2022
2,2,large,tb,LAOC,0,2022
2,2,medium,tb,LAOC,0,2022
2,2,small,tb,LAOC,20,2022
2,2,large,tb,PSME,40,2022
2,2,medium,tb,PSME,500,2022
2,2,small,tb,PSME,520,2022
2,5,large,tb,NONE,0,2022
2,5,medium,tb,NONE,0,2022
2,5,small,tb,NONE,0,2022
2,5,large,tb,PSME,20,2022
2,5,medium,tb,PSME,20,2022
2,5,small,tb,PSME,80,2022
2,5,large,tb,PIPO,0,2022
2,5,medium,tb,PIPO,40,2022
2,5,small,tb,PIPO,200,2022
2,9,large,tb,NONE,0,2022
2,9,medium,tb,NONE,0,2022
2,9,small,tb,NONE,0,2022
2,9,large,tb,PSME,80,2022
2,9,medium,tb,PSME,1480,2022
2,9,small,tb,PSME,1700,2022
2,9,large,tb,PIPO,0,2022
2,9,medium,tb,PIPO,80,2022
2,9,small,tb,PIPO,160,2022
2,12,large,tb,LAOC,0,2022
2,12,medium,tb,LAOC,20,2022
2,12,small,tb,LAOC,60,2022
2,12,large,tb,NONE,0,2022
2,12,medium,tb,NONE,0,2022
2,12,small,tb,NONE,0,2022
2,12,large,tb,PSME,0,2022
2,12,medium,tb,PSME,120,2022
2,12,small,tb,PSME,1120,2022
2,18,large,tb,PSME,40,2022
2,18,medium,tb,PSME,160,2022
2,18,small,tb,PSME,800,2022
2,18,large,tb,PIPO,40,2022
2,18,medium,tb,PIPO,80,2022
2,18,small,tb,PIPO,420,2022
2,22,large,tb,LAOC,40,2022
2,22,medium,tb,LAOC,0,2022
2,22,small,tb,LAOC,20,2022
2,22,large,tb,NONE,0,2022
2,22,medium,tb,NONE,0,2022
2,22,small,tb,NONE,0,2022
2,22,large,tb,PSME,0,2022
2,22,medium,tb,PSME,220,2022
2,22,small,tb,PSME,380,2022
2,24,large,tb,LAOC,0,2022
2,24,medium,tb,LAOC,100,2022
2,24,small,tb,LAOC,720,2022
2,24,large,tb,NONE,0,2022
2,24,medium,tb,NONE,0,2022
2,24,small,tb,NONE,0,2022
2,24,large,tb,PSME,0,2022
2,24,medium,tb,PSME,0,2022
2,24,small,tb,PSME,680,2022
2,26,large,tb,LAOC,0,2022
2,26,medium,tb,LAOC,60,2022
2,26,small,tb,LAOC,40,2022
2,26,large,tb,PSME,60,2022
2,26,medium,tb,PSME,460,2022
2,26,small,tb,PSME,1120,2022
2,29,large,tb,LAOC,0,2022
2,29,medium,tb,LAOC,40,2022
2,29,small,tb,LAOC,20,2022
2,29,large,tb,NONE,0,2022
2,29,medium,tb,NONE,0,2022
2,29,small,tb,NONE,0,2022
2,29,large,tb,PSME,140,2022
2,29,medium,tb,PSME,280,2022
2,29,small,tb,PSME,520,2022
2,29,large,tb,PIPO,100,2022
2,29,medium,tb,PIPO,120,2022
2,29,small,tb,PIPO,180,2022
2,33,large,tb,LAOC,20,2022
2,33,medium,tb,LAOC,0,2022
2,33,small,tb,LAOC,0,2022
2,33,large,tb,PSME,160,2022
2,33,medium,tb,PSME,580,2022
2,33,small,tb,PSME,700,2022
2,2,large,to,PSME,60,2022
2,2,medium,to,PSME,80,2022
2,2,small,to,PSME,180,2022
2,5,large,to,PSME,260,2022
2,5,medium,to,PSME,700,2022
2,5,small,to,PSME,2720,2022
2,5,large,to,PIPO,0,2022
2,5,medium,to,PIPO,0,2022
2,5,small,to,PIPO,20,2022
2,9,large,to,LAOC,0,2022
2,9,medium,to,LAOC,20,2022
2,9,small,to,LAOC,0,2022
2,9,large,to,PSME,60,2022
2,9,medium,to,PSME,1080,2022
2,9,small,to,PSME,4220,2022
2,9,large,to,PIPO,0,2022
2,9,medium,to,PIPO,280,2022
2,9,small,to,PIPO,700,2022
2,12,large,to,NONE,0,2022
2,12,medium,to,NONE,0,2022
2,12,small,to,NONE,0,2022
2,12,large,to,PSME,100,2022
2,12,medium,to,PSME,340,2022
2,12,small,to,PSME,280,2022
2,18,large,to,NONE,0,2022
2,18,medium,to,NONE,0,2022
2,18,small,to,NONE,0,2022
2,18,large,to,PSME,0,2022
2,18,medium,to,PSME,20,2022
2,18,small,to,PSME,720,2022
2,22,large,to,NONE,0,2022
2,22,medium,to,NONE,0,2022
2,22,small,to,NONE,0,2022
2,22,large,to,PSME,60,2022
2,22,medium,to,PSME,2280,2022
2,22,small,to,PSME,1920,2022
2,22,large,to,PIPO,0,2022
2,22,medium,to,PIPO,20,2022
2,22,small,to,PIPO,0,2022
2,24,large,to,LAOC,20,2022
2,24,medium,to,LAOC,0,2022
2,24,small,to,LAOC,0,2022
2,24,large,to,PSME,20,2022
2,24,medium,to,PSME,440,2022
2,24,small,to,PSME,1220,2022
2,26,large,to,PSME,100,2022
2,26,medium,to,PSME,480,2022
2,26,small,to,PSME,1060,2022
2,26,large,to,PIPO,20,2022
2,26,medium,to,PIPO,20,2022
2,26,small,to,PIPO,0,2022
2,26,large,to,POTR,0,2022
2,26,medium,to,POTR,0,2022
2,26,small,to,POTR,220,2022
2,29,large,to,JUSC,0,2022
2,29,medium,to,JUSC,20,2022
2,29,small,to,JUSC,20,2022
2,29,large,to,NONE,0,2022
2,29,medium,to,NONE,0,2022
2,29,small,to,NONE,0,2022
2,29,large,to,PSME,40,2022
2,29,medium,to,PSME,200,2022
2,29,small,to,PSME,700,2022
2,29,large,to,PIPO,0,2022
2,29,medium,to,PIPO,20,2022
2,29,small,to,PIPO,20,2022
2,33,large,to,PSME,60,2022
2,33,medium,to,PSME,540,2022
2,33,small,to,PSME,1380,2022
3,2,large,bo,PSME,80,2022
3,2,medium,bo,PSME,540,2022
3,2,small,bo,PSME,560,2022
3,2,large,bo,PIPO,20,2022
3,2,medium,bo,PIPO,180,2022
3,2,small,bo,PIPO,180,2022
3,5,large,bo,PICO,20,2022
3,5,medium,bo,PICO,0,2022
3,5,small,bo,PICO,20,2022
3,5,large,bo,PSME,320,2022
3,5,medium,bo,PSME,540,2022
3,5,small,bo,PSME,520,2022
3,5,large,bo,PIPO,100,2022
3,5,medium,bo,PIPO,360,2022
3,5,small,bo,PIPO,460,2022
3,9,large,bo,PICO,20,2022
3,9,medium,bo,PICO,0,2022
3,9,small,bo,PICO,20,2022
3,9,large,bo,PSME,60,2022
3,9,medium,bo,PSME,80,2022
3,9,small,bo,PSME,600,2022
3,9,large,bo,PIPO,200,2022
3,9,medium,bo,PIPO,620,2022
3,9,small,bo,PIPO,300,2022
3,12,large,bo,NONE,0,2022
3,12,medium,bo,NONE,0,2022
3,12,small,bo,NONE,0,2022
3,12,large,bo,PSME,60,2022
3,12,medium,bo,PSME,60,2022
3,12,small,bo,PSME,140,2022
3,12,large,bo,PIPO,20,2022
3,12,medium,bo,PIPO,0,2022
3,12,small,bo,PIPO,0,2022
3,18,large,bo,NONE,0,2022
3,18,medium,bo,NONE,0,2022
3,18,small,bo,NONE,0,2022
3,18,large,bo,PICO,20,2022
3,18,medium,bo,PICO,20,2022
3,18,small,bo,PICO,0,2022
3,18,large,bo,PSME,100,2022
3,18,medium,bo,PSME,60,2022
3,18,small,bo,PSME,20,2022
3,18,large,bo,PIPO,300,2022
3,18,medium,bo,PIPO,340,2022
3,18,small,bo,PIPO,140,2022
3,22,large,bo,NONE,0,2022
3,22,medium,bo,NONE,0,2022
3,22,small,bo,NONE,0,2022
3,22,large,bo,PIPO,160,2022
3,22,medium,bo,PIPO,200,2022
3,22,small,bo,PIPO,160,2022
3,24,large,bo,NONE,0,2022
3,24,medium,bo,NONE,0,2022
3,24,small,bo,NONE,0,2022
3,24,large,bo,PSME,60,2022
3,24,medium,bo,PSME,120,2022
3,24,small,bo,PSME,100,2022
3,24,large,bo,PIPO,140,2022
3,24,medium,bo,PIPO,100,2022
3,24,small,bo,PIPO,40,2022
3,26,large,bo,PSME,60,2022
3,26,medium,bo,PSME,400,2022
3,26,small,bo,PSME,560,2022
3,26,large,bo,PIPO,40,2022
3,26,medium,bo,PIPO,60,2022
3,26,small,bo,PIPO,0,2022
3,29,large,bo,NONE,0,2022
3,29,medium,bo,NONE,0,2022
3,29,small,bo,NONE,0,2022
3,29,large,bo,PSME,280,2022
3,29,medium,bo,PSME,300,2022
3,29,small,bo,PSME,620,2022
3,29,large,bo,PIPO,120,2022
3,29,medium,bo,PIPO,520,2022
3,29,small,bo,PIPO,860,2022
3,33,large,bo,NONE,0,2022
3,33,medium,bo,NONE,0,2022
3,33,small,bo,NONE,0,2022
3,33,large,bo,PSME,160,2022
3,33,medium,bo,PSME,260,2022
3,33,small,bo,PSME,20,2022
3,33,large,bo,PIPO,100,2022
3,33,medium,bo,PIPO,380,2022
3,33,small,bo,PIPO,380,2022
3,2,large,co,PSME,260,2022
3,2,medium,co,PSME,880,2022
3,2,small,co,PSME,4000,2022
3,2,large,co,PIPO,0,2022
3,2,medium,co,PIPO,0,2022
3,2,small,co,PIPO,80,2022
3,5,large,co,PSME,100,2022
3,5,medium,co,PSME,360,2022
3,5,small,co,PSME,1360,2022
3,5,large,co,PIPO,20,2022
3,5,medium,co,PIPO,20,2022
3,5,small,co,PIPO,20,2022
3,9,large,co,PICO,20,2022
3,9,medium,co,PICO,0,2022
3,9,small,co,PICO,0,2022
3,9,large,co,PSME,580,2022
3,9,medium,co,PSME,1480,2022
3,9,small,co,PSME,2680,2022
3,9,large,co,PIPO,0,2022
3,9,medium,co,PIPO,20,2022
3,9,small,co,PIPO,80,2022
3,12,large,co,PSME,200,2022
3,12,medium,co,PSME,880,2022
3,12,small,co,PSME,1860,2022
3,12,large,co,PIPO,0,2022
3,12,medium,co,PIPO,80,2022
3,12,small,co,PIPO,460,2022
3,18,large,co,PICO,20,2022
3,18,medium,co,PICO,80,2022
3,18,small,co,PICO,120,2022
3,18,large,co,PSME,280,2022
3,18,medium,co,PSME,1320,2022
3,18,small,co,PSME,2380,2022
3,18,large,co,PIPO,0,2022
3,18,medium,co,PIPO,380,2022
3,18,small,co,PIPO,2060,2022
3,22,large,co,PSME,60,2022
3,22,medium,co,PSME,620,2022
3,22,small,co,PSME,1940,2022
3,22,large,co,PIPO,0,2022
3,22,medium,co,PIPO,0,2022
3,22,small,co,PIPO,60,2022
3,24,large,co,PSME,0,2022
3,24,medium,co,PSME,0,2022
3,24,small,co,PSME,280,2022
3,26,large,co,PSME,40,2022
3,26,medium,co,PSME,220,2022
3,26,small,co,PSME,320,2022
3,26,large,co,PIPO,160,2022
3,26,medium,co,PIPO,340,2022
3,26,small,co,PIPO,360,2022
3,29,large,co,PSME,200,2022
3,29,medium,co,PSME,240,2022
3,29,small,co,PSME,500,2022
3,29,large,co,PIPO,0,2022
3,29,medium,co,PIPO,60,2022
3,29,small,co,PIPO,0,2022
3,33,large,co,PSME,60,2022
3,33,medium,co,PSME,160,2022
3,33,small,co,PSME,160,2022
3,2,large,tb,NONE,0,2022
3,2,medium,tb,NONE,0,2022
3,2,small,tb,NONE,0,2022
3,2,large,tb,PIPO,20,2022
3,2,medium,tb,PIPO,0,2022
3,2,small,tb,PIPO,40,2022
3,5,large,tb,NONE,0,2022
3,5,medium,tb,NONE,0,2022
3,5,small,tb,NONE,0,2022
3,5,large,tb,PSME,20,2022
3,5,medium,tb,PSME,0,2022
3,5,small,tb,PSME,0,2022
3,5,large,tb,PIPO,20,2022
3,5,medium,tb,PIPO,0,2022
3,5,small,tb,PIPO,20,2022
3,9,large,tb,NONE,0,2022
3,9,medium,tb,NONE,0,2022
3,9,small,tb,NONE,0,2022
3,9,large,tb,PICO,0,2022
3,9,medium,tb,PICO,20,2022
3,9,small,tb,PICO,0,2022
3,9,large,tb,PIPO,0,2022
3,9,medium,tb,PIPO,0,2022
3,9,small,tb,PIPO,40,2022
3,12,large,tb,NONE,0,2022
3,12,medium,tb,NONE,0,2022
3,12,small,tb,NONE,0,2022
3,12,large,tb,PIPO,0,2022
3,12,medium,tb,PIPO,0,2022
3,12,small,tb,PIPO,40,2022
3,18,large,tb,NONE,0,2022
3,18,medium,tb,NONE,0,2022
3,18,small,tb,NONE,0,2022
3,18,large,tb,PSME,0,2022
3,18,medium,tb,PSME,20,2022
3,18,small,tb,PSME,20,2022
3,18,large,tb,PIPO,0,2022
3,18,medium,tb,PIPO,80,2022
3,18,small,tb,PIPO,100,2022
3,22,large,tb,NONE,0,2022
3,22,medium,tb,NONE,0,2022
3,22,small,tb,NONE,0,2022
3,22,large,tb,PIPO,0,2022
3,22,medium,tb,PIPO,0,2022
3,22,small,tb,PIPO,80,2022
3,24,large,tb,NONE,0,2022
3,24,medium,tb,NONE,0,2022
3,24,small,tb,NONE,0,2022
3,24,large,tb,PICO,0,2022
3,24,medium,tb,PICO,20,2022
3,24,small,tb,PICO,0,2022
3,24,large,tb,PSME,0,2022
3,24,medium,tb,PSME,60,2022
3,24,small,tb,PSME,80,2022
3,24,large,tb,PIPO,40,2022
3,24,medium,tb,PIPO,60,2022
3,24,small,tb,PIPO,80,2022
3,26,large,tb,NONE,0,2022
3,26,medium,tb,NONE,0,2022
3,26,small,tb,NONE,0,2022
3,26,large,tb,PICO,20,2022
3,26,medium,tb,PICO,0,2022
3,26,small,tb,PICO,0,2022
3,26,large,tb,PIPO,0,2022
3,26,medium,tb,PIPO,60,2022
3,26,small,tb,PIPO,40,2022
3,29,large,tb,NONE,0,2022
3,29,medium,tb,NONE,0,2022
3,29,small,tb,NONE,0,2022
3,29,large,tb,PICO,20,2022
3,29,medium,tb,PICO,40,2022
3,29,small,tb,PICO,60,2022
3,29,large,tb,PIPO,20,2022
3,29,medium,tb,PIPO,20,2022
3,29,small,tb,PIPO,60,2022
3,33,large,tb,PICO,120,2022
3,33,medium,tb,PICO,120,2022
3,33,small,tb,PICO,200,2022
3,33,large,tb,PIPO,0,2022
3,33,medium,tb,PIPO,20,2022
3,33,small,tb,PIPO,180,2022
3,2,large,to,PSME,20,2022
3,2,medium,to,PSME,140,2022
3,2,small,to,PSME,980,2022
3,5,large,to,PICO,0,2022
3,5,medium,to,PICO,20,2022
3,5,small,to,PICO,20,2022
3,5,large,to,PSME,140,2022
3,5,medium,to,PSME,420,2022
3,5,small,to,PSME,860,2022
3,5,large,to,PIPO,100,2022
3,5,medium,to,PIPO,440,2022
3,5,small,to,PIPO,380,2022
3,9,large,to,PICO,20,2022
3,9,medium,to,PICO,60,2022
3,9,small,to,PICO,60,2022
3,9,large,to,PSME,80,2022
3,9,medium,to,PSME,140,2022
3,9,small,to,PSME,360,2022
3,9,large,to,PIPO,0,2022
3,9,medium,to,PIPO,0,2022
3,9,small,to,PIPO,400,2022
3,12,large,to,JUSC,0,2022
3,12,medium,to,JUSC,20,2022
3,12,small,to,JUSC,80,2022
3,12,large,to,PSME,400,2022
3,12,medium,to,PSME,1340,2022
3,12,small,to,PSME,1880,2022
3,12,large,to,PIPO,0,2022
3,12,medium,to,PIPO,20,2022
3,12,small,to,PIPO,80,2022
3,18,large,to,PICO,0,2022
3,18,medium,to,PICO,0,2022
3,18,small,to,PICO,60,2022
3,18,large,to,PSME,120,2022
3,18,medium,to,PSME,320,2022
3,18,small,to,PSME,980,2022
3,18,large,to,PIPO,680,2022
3,18,medium,to,PIPO,1180,2022
3,18,small,to,PIPO,1520,2022
3,22,large,to,PICO,0,2022
3,22,medium,to,PICO,20,2022
3,22,small,to,PICO,60,2022
3,22,large,to,PSME,100,2022
3,22,medium,to,PSME,380,2022
3,22,small,to,PSME,1020,2022
3,22,large,to,PIPO,0,2022
3,22,medium,to,PIPO,20,2022
3,22,small,to,PIPO,120,2022
3,24,large,to,JUSC,40,2022
3,24,medium,to,JUSC,0,2022
3,24,small,to,JUSC,20,2022
3,24,large,to,PICO,0,2022
3,24,medium,to,PICO,0,2022
3,24,small,to,PICO,60,2022
3,24,large,to,PSME,220,2022
3,24,medium,to,PSME,520,2022
3,24,small,to,PSME,1520,2022
3,24,large,to,PIPO,60,2022
3,24,medium,to,PIPO,240,2022
3,24,small,to,PIPO,460,2022
3,26,large,to,JUSC,40,2022
3,26,medium,to,JUSC,20,2022
3,26,small,to,JUSC,20,2022
3,26,large,to,PSME,240,2022
3,26,medium,to,PSME,820,2022
3,26,small,to,PSME,2220,2022
3,26,large,to,PIPO,20,2022
3,26,medium,to,PIPO,80,2022
3,26,small,to,PIPO,220,2022
3,28,large,to,PICO,20,2022
3,28,medium,to,PICO,20,2022
3,28,small,to,PICO,80,2022
3,28,large,to,PSME,140,2022
3,28,medium,to,PSME,440,2022
3,28,small,to,PSME,620,2022
3,28,large,to,PIPO,260,2022
3,28,medium,to,PIPO,380,2022
3,28,small,to,PIPO,580,2022
3,31,large,to,NONE,0,2022
3,31,medium,to,NONE,0,2022
3,31,small,to,NONE,0,2022
3,31,large,to,PICO,20,2022
3,31,medium,to,PICO,40,2022
3,31,small,to,PICO,0,2022
3,31,large,to,PSME,0,2022
3,31,medium,to,PSME,100,2022
3,31,small,to,PSME,140,2022
3,31,large,to,PIPO,180,2022
3,31,medium,to,PIPO,140,2022
3,31,small,to,PIPO,500,2022
