VisitCode,code_modified,cover
ESV-13-C-01.Post,FWD,4
ESV-13-C-01.Post,Herbaceous,22
ESV-13-C-01.Post,Shrub,4.7
ESV-13-C-01.Post,Substrate,71.8
ESV-13-C-01.Post,Tree,0.02
ESV-13-C-01.Post2,FWD,0
ESV-13-C-01.Post2,Herbaceous,0
ESV-13-C-01.Post2,Shrub,0
ESV-13-C-01.Post2,Substrate,0
ESV-13-C-01.Post2,Tree,0
ESV-13-C-01.Post3,FWD,7
ESV-13-C-01.Post3,Herbaceous,22
ESV-13-C-01.Post3,Shrub,1.28
ESV-13-C-01.Post3,Substrate,77.2
ESV-13-C-01.Post3,Tree,1.88
ESV-13-C-01.Pre,FWD,9.4
ESV-13-C-01.Pre,Herbaceous,8.700000000000001
ESV-13-C-01.Pre,Shrub,6.68
ESV-13-C-01.Pre,Substrate,78.39999999999999
ESV-13-C-01.Pre,Tree,1
ESV-13-C-02.Post,FWD,3.2
ESV-13-C-02.Post,Herbaceous,17.4
ESV-13-C-02.Post,Shrub,6.0600000000000005
ESV-13-C-02.Post,Substrate,72.6
ESV-13-C-02.Post,Tree,6.4
ESV-13-C-02.Post2,FWD,0
ESV-13-C-02.Post2,Herbaceous,0
ESV-13-C-02.Post2,Shrub,0
ESV-13-C-02.Post2,Substrate,0
ESV-13-C-02.Post2,Tree,0
ESV-13-C-02.Post3,FWD,3.4
ESV-13-C-02.Post3,Fuel in Air,0.8
ESV-13-C-02.Post3,Herbaceous,11.96
ESV-13-C-02.Post3,Shrub,6.9
ESV-13-C-02.Post3,Substrate,79
ESV-13-C-02.Post3,Tree,7.660000000000001
ESV-13-C-02.Post3,UNK,1.8199999999999998
ESV-13-C-02.Pre,FWD,5
ESV-13-C-02.Pre,Herbaceous,5.9
ESV-13-C-02.Pre,Shrub,5.88
ESV-13-C-02.Pre,Substrate,83.6
ESV-13-C-02.Pre,Tree,9.4
ESV-13-C-03.Post,FWD,3.4
ESV-13-C-03.Post,Herbaceous,4.36
ESV-13-C-03.Post,Shrub,6.4799999999999995
ESV-13-C-03.Post,Substrate,84.6
ESV-13-C-03.Post,Tree,3.44
ESV-13-C-03.Post2,FWD,0
ESV-13-C-03.Post2,Herbaceous,0
ESV-13-C-03.Post2,Shrub,0
ESV-13-C-03.Post2,Substrate,0
ESV-13-C-03.Post2,Tree,0
ESV-13-C-03.Post3,FWD,2.2
ESV-13-C-03.Post3,Fuel in Air,0.8
ESV-13-C-03.Post3,Herbaceous,5.5600000000000005
ESV-13-C-03.Post3,Shrub,4.3
ESV-13-C-03.Post3,Substrate,79.8
ESV-13-C-03.Post3,Tree,5.46
ESV-13-C-03.Pre,FWD,5.2
ESV-13-C-03.Pre,Herbaceous,1.08
ESV-13-C-03.Pre,Shrub,4.66
ESV-13-C-03.Pre,Substrate,84.2
ESV-13-C-03.Pre,Tree,4
ESV-13-T-83-02.Post,FWD,8.2
ESV-13-T-83-02.Post,Herbaceous,3.26
ESV-13-T-83-02.Post,Shrub,1.8800000000000001
ESV-13-T-83-02.Post,Substrate,81.4
ESV-13-T-83-02.Post,Tree,0.8600000000000001
ESV-13-T-83-02.Post2,FWD,0
ESV-13-T-83-02.Post2,Herbaceous,0
ESV-13-T-83-02.Post2,Shrub,0
ESV-13-T-83-02.Post2,Substrate,0
ESV-13-T-83-02.Post2,Tree,0
ESV-13-T-83-02.Post3,FWD,14
ESV-13-T-83-02.Post3,Herbaceous,3.9600000000000004
ESV-13-T-83-02.Post3,Shrub,3.5400000000000005
ESV-13-T-83-02.Post3,Substrate,75.8
ESV-13-T-83-02.Post3,Tree,0.06
ESV-13-T-83-02.Post3,UNK,0.02
ESV-13-T-83-02.Pre,FWD,7.8
ESV-13-T-83-02.Pre,Herbaceous,2.3200000000000003
ESV-13-T-83-02.Pre,Shrub,5.699999999999999
ESV-13-T-83-02.Pre,Substrate,87.6
ESV-13-T-83-02.Pre,Tree,1.06
ESV-13-T-83-03.Post,FWD,7.6
ESV-13-T-83-03.Post,Herbaceous,3.56
ESV-13-T-83-03.Post,Shrub,3.84
ESV-13-T-83-03.Post,Substrate,86
ESV-13-T-83-03.Post,Tree,0.22
ESV-13-T-83-03.Post2,FWD,0
ESV-13-T-83-03.Post2,Herbaceous,0
ESV-13-T-83-03.Post2,Shrub,0
ESV-13-T-83-03.Post2,Substrate,0
ESV-13-T-83-03.Post2,Tree,0
ESV-13-T-83-03.Post3,FWD,6
ESV-13-T-83-03.Post3,Herbaceous,5.6
ESV-13-T-83-03.Post3,Shrub,5.66
ESV-13-T-83-03.Post3,Substrate,77.4
ESV-13-T-83-03.Post3,Tree,2.84
ESV-13-T-83-03.Pre,FWD,4.8
ESV-13-T-83-03.Pre,Herbaceous,1.1
ESV-13-T-83-03.Pre,Shrub,10.239999999999998
ESV-13-T-83-03.Pre,Substrate,79.8
ESV-13-T-83-03.Pre,Tree,0.06
ESV-13-T-83-04.Post,FWD,9.8
ESV-13-T-83-04.Post,Herbaceous,6.94
ESV-13-T-83-04.Post,Shrub,3.82
ESV-13-T-83-04.Post,Substrate,86.2
ESV-13-T-83-04.Post,Tree,0.24000000000000002
ESV-13-T-83-04.Post2,FWD,0
ESV-13-T-83-04.Post2,Herbaceous,0
ESV-13-T-83-04.Post2,Shrub,0
ESV-13-T-83-04.Post2,Substrate,0
ESV-13-T-83-04.Post2,Tree,0
ESV-13-T-83-04.Post3,FWD,5.6
ESV-13-T-83-04.Post3,Herbaceous,8.32
ESV-13-T-83-04.Post3,Shrub,7.28
ESV-13-T-83-04.Post3,Substrate,74.6
ESV-13-T-83-04.Post3,Tree,0.26
ESV-13-T-83-04.Pre,FWD,2.6
ESV-13-T-83-04.Pre,Herbaceous,1.62
ESV-13-T-83-04.Pre,Shrub,3.6399999999999997
ESV-13-T-83-04.Pre,Substrate,79
ESV-13-T-83-04.Pre,Tree,1.4
ESV-28-C-01.Post,FWD,3.2
ESV-28-C-01.Post,Herbaceous,1.44
ESV-28-C-01.Post,Shrub,0.34
ESV-28-C-01.Post,Substrate,83
ESV-28-C-01.Post,Tree,1.62
ESV-28-C-01.Post2,FWD,0
ESV-28-C-01.Post2,Herbaceous,0
ESV-28-C-01.Post2,Shrub,0
ESV-28-C-01.Post2,Substrate,0
ESV-28-C-01.Post2,Tree,0
ESV-28-C-01.Post3,FWD,4.6
ESV-28-C-01.Post3,Herbaceous,1.7800000000000002
ESV-28-C-01.Post3,Shrub,0.52
ESV-28-C-01.Post3,Substrate,77.8
ESV-28-C-01.Post3,Tree,2.08
ESV-28-C-01.Post3,UNK,0.22000000000000003
ESV-28-C-01.Pre,FWD,4.8
ESV-28-C-01.Pre,Herbaceous,1.7200000000000002
ESV-28-C-01.Pre,Shrub,0.3
ESV-28-C-01.Pre,Substrate,84.6
ESV-28-C-01.Pre,Tree,2.2199999999999998
ESV-28-C-02.Post,FWD,5
ESV-28-C-02.Post,Herbaceous,11.02
ESV-28-C-02.Post,Shrub,7.26
ESV-28-C-02.Post,Substrate,75
ESV-28-C-02.Post,Tree,2.04
ESV-28-C-02.Post,UNK,0.2
ESV-28-C-02.Post2,FWD,0
ESV-28-C-02.Post2,Herbaceous,0
ESV-28-C-02.Post2,Shrub,0
ESV-28-C-02.Post2,Substrate,0
ESV-28-C-02.Post2,Tree,0
ESV-28-C-02.Post3,FWD,3
ESV-28-C-02.Post3,Herbaceous,10.32
ESV-28-C-02.Post3,Shrub,6.7
ESV-28-C-02.Post3,Substrate,78.8
ESV-28-C-02.Post3,Tree,3.66
ESV-28-C-02.Pre,FWD,11.2
ESV-28-C-02.Pre,Herbaceous,5.12
ESV-28-C-02.Pre,Shrub,11.48
ESV-28-C-02.Pre,Substrate,92.8
ESV-28-C-02.Pre,Tree,0.46
ESV-28-C-03.Post,FWD,6
ESV-28-C-03.Post,Herbaceous,2.1799999999999997
ESV-28-C-03.Post,Shrub,0.14
ESV-28-C-03.Post,Substrate,74.4
ESV-28-C-03.Post,Tree,6.4399999999999995
ESV-28-C-03.Post2,FWD,0
ESV-28-C-03.Post2,Herbaceous,0
ESV-28-C-03.Post2,Shrub,0
ESV-28-C-03.Post2,Substrate,0
ESV-28-C-03.Post2,Tree,0
ESV-28-C-03.Post3,FWD,4
ESV-28-C-03.Post3,Fuel in Air,0.4
ESV-28-C-03.Post3,Herbaceous,2.64
ESV-28-C-03.Post3,Shrub,0.72
ESV-28-C-03.Post3,Substrate,78
ESV-28-C-03.Post3,Tree,1.68
ESV-28-C-03.Post3,UNK,1.02
ESV-28-C-03.Pre,FWD,10.4
ESV-28-C-03.Pre,Herbaceous,1.02
ESV-28-C-03.Pre,Shrub,0.14
ESV-28-C-03.Pre,Substrate,83.4
ESV-28-C-03.Pre,Tree,4.46
ESV-28-C-05.Post,FWD,5.8
ESV-28-C-05.Post,Herbaceous,1.32
ESV-28-C-05.Post,Shrub,4.24
ESV-28-C-05.Post,Substrate,77.4
ESV-28-C-05.Post,Tree,8.02
ESV-28-C-05.Post2,FWD,0
ESV-28-C-05.Post2,Herbaceous,0
ESV-28-C-05.Post2,Shrub,0
ESV-28-C-05.Post2,Substrate,0
ESV-28-C-05.Post2,Tree,0
ESV-28-C-05.Post3,FWD,6.2
ESV-28-C-05.Post3,Herbaceous,1.04
ESV-28-C-05.Post3,Shrub,5.08
ESV-28-C-05.Post3,Substrate,74.4
ESV-28-C-05.Post3,Tree,12.459999999999999
ESV-28-C-05.Pre,FWD,18.6
ESV-28-C-05.Pre,Herbaceous,0.42
ESV-28-C-05.Pre,Shrub,4.84
ESV-28-C-05.Pre,Substrate,80.6
ESV-28-C-05.Pre,Tree,7.42
ESV-28-T-461-02.Post,FWD,7
ESV-28-T-461-02.Post,Herbaceous,1.08
ESV-28-T-461-02.Post,Shrub,2.08
ESV-28-T-461-02.Post,Substrate,78.80000000000001
ESV-28-T-461-02.Post,Tree,3.02
ESV-28-T-461-02.Pre,FWD,5.8
ESV-28-T-461-02.Pre,Herbaceous,0.7
ESV-28-T-461-02.Pre,Shrub,1.26
ESV-28-T-461-02.Pre,Substrate,84.6
ESV-28-T-461-02.Pre,Tree,20.42
ESV-28-T-462-05.Post,FWD,8.2
ESV-28-T-462-05.Post,Herbaceous,1.06
ESV-28-T-462-05.Post,Shrub,0.26
ESV-28-T-462-05.Post,Substrate,82.4
ESV-28-T-462-05.Post,Tree,2.24
ESV-28-T-462-05.Pre,FWD,7
ESV-28-T-462-05.Pre,Herbaceous,1.2000000000000002
ESV-28-T-462-05.Pre,Shrub,0.08
ESV-28-T-462-05.Pre,Substrate,88.60000000000001
ESV-28-T-462-05.Pre,Tree,6.4399999999999995
ESV-28-T-464-02.Post,FWD,7.6
ESV-28-T-464-02.Post,Herbaceous,3.56
ESV-28-T-464-02.Post,Shrub,1.5
ESV-28-T-464-02.Post,Substrate,80.4
ESV-28-T-464-02.Post,Tree,0.04
ESV-28-T-464-02.Pre,FWD,6.4
ESV-28-T-464-02.Pre,Herbaceous,3.62
ESV-28-T-464-02.Pre,Shrub,1.74
ESV-28-T-464-02.Pre,Substrate,84.4
ESV-28-T-464-02.Pre,Tree,2.6
ESV-28-T-465-04.Post,FWD,2.6
ESV-28-T-465-04.Post,Herbaceous,20.6
ESV-28-T-465-04.Post,Shrub,8.459999999999999
ESV-28-T-465-04.Post,Substrate,76.6
ESV-28-T-465-04.Post,Tree,1.8199999999999998
ESV-28-T-465-04.Pre,FWD,11.6
ESV-28-T-465-04.Pre,Herbaceous,7.880000000000001
ESV-28-T-465-04.Pre,Shrub,9.86
ESV-28-T-465-04.Pre,Substrate,87
ESV-28-T-465-04.Pre,Tree,1.8399999999999999
ESV-28-T-465-04.Pre,UNK,0.06000000000000001
ESV-28-T-467-01.Post,FWD,11.2
ESV-28-T-467-01.Post,Herbaceous,8.6
ESV-28-T-467-01.Post,Shrub,2.14
ESV-28-T-467-01.Post,Substrate,75
ESV-28-T-467-01.Post,Tree,0.08
ESV-28-T-467-01.Pre,FWD,6
ESV-28-T-467-01.Pre,Herbaceous,5
ESV-28-T-467-01.Pre,Shrub,1.9400000000000002
ESV-28-T-467-01.Pre,Substrate,81.39999999999999
ESV-28-T-467-01.Pre,Tree,3.68
ESV-28-T-467-01.Pre,UNK,0.02
ESV-28-T461-02.Post2,FWD,0
ESV-28-T461-02.Post2,Herbaceous,0
ESV-28-T461-02.Post2,Shrub,0
ESV-28-T461-02.Post2,Substrate,0
ESV-28-T461-02.Post2,Tree,0
ESV-28-T461-02.Post3,FWD,6.4
ESV-28-T461-02.Post3,Herbaceous,5.34
ESV-28-T461-02.Post3,Shrub,2.16
ESV-28-T461-02.Post3,Substrate,79.8
ESV-28-T461-02.Post3,Tree,0.30000000000000004
ESV-28-T461-02.Post3,UNK,0.64
ESV-28-T462-05.Post2,FWD,0
ESV-28-T462-05.Post2,Herbaceous,0
ESV-28-T462-05.Post2,Shrub,0
ESV-28-T462-05.Post2,Substrate,0
ESV-28-T462-05.Post2,Tree,0
ESV-28-T462-05.Post2,UNK,0
ESV-28-T462-05.Post3,FWD,5.6
ESV-28-T462-05.Post3,Herbaceous,3.5600000000000005
ESV-28-T462-05.Post3,Shrub,3.5199999999999996
ESV-28-T462-05.Post3,Substrate,78.2
ESV-28-T462-05.Post3,Tree,5.26
ESV-28-T464-02.Post2,FWD,0
ESV-28-T464-02.Post2,Herbaceous,0
ESV-28-T464-02.Post2,Shrub,0
ESV-28-T464-02.Post2,Substrate,0
ESV-28-T464-02.Post2,Tree,0
ESV-28-T464-02.Post3,FWD,7.6
ESV-28-T464-02.Post3,Fuel in Air,1.2
ESV-28-T464-02.Post3,Herbaceous,18.1
ESV-28-T464-02.Post3,Shrub,2.38
ESV-28-T464-02.Post3,Substrate,91.4
ESV-28-T464-02.Post3,Tree,1.26
ESV-28-T464-02.Post3,UNK,0.02
ESV-28-T465-04.Post2,FWD,0
ESV-28-T465-04.Post2,Herbaceous,0
ESV-28-T465-04.Post2,Shrub,0
ESV-28-T465-04.Post2,Substrate,0
ESV-28-T465-04.Post2,Tree,0
ESV-28-T465-04.Post3,FWD,0.2
ESV-28-T465-04.Post3,Herbaceous,31.939999999999998
ESV-28-T465-04.Post3,Shrub,13.56
ESV-28-T465-04.Post3,Substrate,79.8
ESV-28-T465-04.Post3,Tree,0.06
ESV-28-T467-01.Post2,FWD,0
ESV-28-T467-01.Post2,Herbaceous,0
ESV-28-T467-01.Post2,Shrub,0
ESV-28-T467-01.Post2,Substrate,0
ESV-28-T467-01.Post2,Tree,0
ESV-28-T467-01.Post3,FWD,8.4
ESV-28-T467-01.Post3,Herbaceous,20.4
ESV-28-T467-01.Post3,Shrub,3.34
ESV-28-T467-01.Post3,Substrate,92.6
ESV-28-T467-01.Post3,Tree,1.46
ESV-28-T467-01.Post3,UNK,0.04
ESV-34-C-01.Post,FWD,7.4
ESV-34-C-01.Post,Herbaceous,0.9
ESV-34-C-01.Post,Shrub,2.46
ESV-34-C-01.Post,Substrate,78
ESV-34-C-01.Post,Tree,6.24
ESV-34-C-01.Post2,FWD,0
ESV-34-C-01.Post2,Herbaceous,0
ESV-34-C-01.Post2,Shrub,0
ESV-34-C-01.Post2,Substrate,0
ESV-34-C-01.Post2,Tree,0
ESV-34-C-01.Post3,FWD,7.6
ESV-34-C-01.Post3,Herbaceous,2.22
ESV-34-C-01.Post3,Shrub,2.5
ESV-34-C-01.Post3,Substrate,75.60000000000001
ESV-34-C-01.Post3,Tree,4.0600000000000005
ESV-34-C-01.Pre,FWD,6.8
ESV-34-C-01.Pre,Herbaceous,3.14
ESV-34-C-01.Pre,Shrub,2.2600000000000002
ESV-34-C-01.Pre,Substrate,76.60000000000001
ESV-34-C-01.Pre,Tree,6.24
ESV-34-C-02.Post,FWD,6.8
ESV-34-C-02.Post,Herbaceous,0.27999999999999997
ESV-34-C-02.Post,Shrub,15.700000000000001
ESV-34-C-02.Post,Substrate,79.6
ESV-34-C-02.Post,Tree,1.24
ESV-34-C-02.Post2,FWD,0
ESV-34-C-02.Post2,Herbaceous,0
ESV-34-C-02.Post2,Shrub,0
ESV-34-C-02.Post2,Substrate,0
ESV-34-C-02.Post2,Tree,0
ESV-34-C-02.Post2,UNK,0
ESV-34-C-02.Post3,FWD,6.6
ESV-34-C-02.Post3,Herbaceous,0.5800000000000001
ESV-34-C-02.Post3,Shrub,8.48
ESV-34-C-02.Post3,Substrate,80
ESV-34-C-02.Post3,Tree,0.26
ESV-34-C-02.Pre,FWD,24.6
ESV-34-C-02.Pre,Herbaceous,0.42
ESV-34-C-02.Pre,Shrub,22.88
ESV-34-C-02.Pre,Substrate,91.8
ESV-34-C-02.Pre,Tree,0.64
ESV-34-C-03.Post,FWD,4.6
ESV-34-C-03.Post,Herbaceous,3.66
ESV-34-C-03.Post,Shrub,9.84
ESV-34-C-03.Post,Substrate,77.6
ESV-34-C-03.Post,Tree,2.4200000000000004
ESV-34-C-03.Post2,FWD,0
ESV-34-C-03.Post2,Herbaceous,0
ESV-34-C-03.Post2,Shrub,0
ESV-34-C-03.Post2,Substrate,0
ESV-34-C-03.Post2,Tree,0
ESV-34-C-03.Post2,UNK,0
ESV-34-C-03.Post3,FWD,7
ESV-34-C-03.Post3,Herbaceous,4.640000000000001
ESV-34-C-03.Post3,Shrub,10.06
ESV-34-C-03.Post3,Substrate,77.4
ESV-34-C-03.Post3,Tree,3.06
ESV-34-C-03.Post3,UNK,0.02
ESV-34-C-03.Pre,FWD,9.2
ESV-34-C-03.Pre,Herbaceous,6.34
ESV-34-C-03.Pre,Shrub,6.04
ESV-34-C-03.Pre,Substrate,80.6
ESV-34-C-03.Pre,Tree,9.82
ESV-34-C-03.Pre,UNK,0.02
ESV-34-T-524-03.Post,FWD,11.6
ESV-34-T-524-03.Post,Herbaceous,0.8200000000000001
ESV-34-T-524-03.Post,Shrub,2.26
ESV-34-T-524-03.Post,Substrate,76.4
ESV-34-T-524-03.Post,Tree,0.24000000000000002
ESV-34-T-524-03.Pre,FWD,4
ESV-34-T-524-03.Pre,Herbaceous,1.08
ESV-34-T-524-03.Pre,Shrub,3.68
ESV-34-T-524-03.Pre,Substrate,89.8
ESV-34-T-524-03.Pre,Tree,2.8
ESV-34-T-524-04.Post,FWD,12.4
ESV-34-T-524-04.Post,Herbaceous,1.12
ESV-34-T-524-04.Post,Shrub,3.14
ESV-34-T-524-04.Post,Substrate,73.2
ESV-34-T-524-04.Post,Tree,0.66
ESV-34-T-524-04.Pre,FWD,12.8
ESV-34-T-524-04.Pre,Herbaceous,1.28
ESV-34-T-524-04.Pre,Shrub,8.28
ESV-34-T-524-04.Pre,Substrate,85.2
ESV-34-T-524-04.Pre,Tree,6.44
ESV-34-T-524-06.Post,FWD,12.8
ESV-34-T-524-06.Post,Herbaceous,1.1400000000000001
ESV-34-T-524-06.Post,Shrub,8.92
ESV-34-T-524-06.Post,Substrate,76.4
ESV-34-T-524-06.Post,Tree,0.06
ESV-34-T-524-06.Post,UNK,0.02
ESV-34-T-524-06.Pre,FWD,6.2
ESV-34-T-524-06.Pre,Herbaceous,1.96
ESV-34-T-524-06.Pre,Shrub,9.1
ESV-34-T-524-06.Pre,Substrate,73.39999999999999
ESV-34-T-524-06.Pre,Tree,1.22
ESV-34-T524-03.Post2,FWD,0
ESV-34-T524-03.Post2,Herbaceous,0
ESV-34-T524-03.Post2,Shrub,0
ESV-34-T524-03.Post2,Substrate,0
ESV-34-T524-03.Post2,Tree,0
ESV-34-T524-03.Post3,FWD,5.4
ESV-34-T524-03.Post3,Fuel in Air,0.8
ESV-34-T524-03.Post3,Herbaceous,4.0600000000000005
ESV-34-T524-03.Post3,Shrub,1.5
ESV-34-T524-03.Post3,Substrate,77.39999999999999
ESV-34-T524-03.Post3,Tree,0.44000000000000006
ESV-34-T524-04.Post2,FWD,0
ESV-34-T524-04.Post2,Herbaceous,0
ESV-34-T524-04.Post2,Shrub,0
ESV-34-T524-04.Post2,Substrate,0
ESV-34-T524-04.Post2,Tree,0
ESV-34-T524-04.Post3,FWD,1.6
ESV-34-T524-04.Post3,Herbaceous,20.78
ESV-34-T524-04.Post3,Shrub,17.46
ESV-34-T524-04.Post3,Substrate,138.60000000000002
ESV-34-T524-04.Post3,Tree,11.459999999999999
ESV-34-T524-06.Post2,FWD,0
ESV-34-T524-06.Post2,Herbaceous,0
ESV-34-T524-06.Post2,Shrub,0
ESV-34-T524-06.Post2,Substrate,0
ESV-34-T524-06.Post2,Tree,0
ESV-34-T524-06.Post2,UNK,0
ESV-34-T524-06.Post3,FWD,5.8
ESV-34-T524-06.Post3,Fuel in Air,1.2
ESV-34-T524-06.Post3,Herbaceous,16.94
ESV-34-T524-06.Post3,Shrub,17.04
ESV-34-T524-06.Post3,Substrate,75.2
ESV-34-T524-06.Post3,Tree,0.06
ESV-34-T524-06.Post3,UNK,0.04
P1-2-C-01.Post,FWD,2.4
P1-2-C-01.Post,Herbaceous,1.76
P1-2-C-01.Post,Shrub,6.42
P1-2-C-01.Post,Substrate,80.39999999999999
P1-2-C-01.Post,Tree,2.22
P1-2-C-01.Post2,FWD,0
P1-2-C-01.Post2,Herbaceous,0
P1-2-C-01.Post2,Shrub,0
P1-2-C-01.Post2,Substrate,0
P1-2-C-01.Post2,Tree,0
P1-2-C-01.Post3,FWD,3.8
P1-2-C-01.Post3,Herbaceous,6.52
P1-2-C-01.Post3,Shrub,6.0600000000000005
P1-2-C-01.Post3,Substrate,78
P1-2-C-01.Post3,Tree,0.06
P1-2-C-01.Post3,UNK,0.06000000000000001
P1-2-C-01.Pre,FWD,4.6
P1-2-C-01.Pre,Herbaceous,3.38
P1-2-C-01.Pre,Shrub,6.819999999999999
P1-2-C-01.Pre,Substrate,76.8
P1-2-C-01.Pre,Tree,0.44
P1-2-C-02.Post,FWD,2.8
P1-2-C-02.Post,Herbaceous,4.18
P1-2-C-02.Post,Shrub,5
P1-2-C-02.Post,Substrate,61.6
P1-2-C-02.Post,Tree,0.06
P1-2-C-02.Post2,FWD,0
P1-2-C-02.Post2,Herbaceous,0
P1-2-C-02.Post2,Shrub,0
P1-2-C-02.Post2,Substrate,0
P1-2-C-02.Post2,Tree,0
P1-2-C-02.Post2,UNK,0
P1-2-C-02.Post3,FWD,5
P1-2-C-02.Post3,Fuel in Air,0.6
P1-2-C-02.Post3,Herbaceous,6.42
P1-2-C-02.Post3,Shrub,1.46
P1-2-C-02.Post3,Substrate,79.6
P1-2-C-02.Post3,Tree,0.46
P1-2-C-02.Post3,UNK,0.8400000000000001
P1-2-C-02.Pre,FWD,2.6
P1-2-C-02.Pre,Herbaceous,8.38
P1-2-C-02.Pre,Shrub,5.82
P1-2-C-02.Pre,Substrate,78.6
P1-2-C-02.Pre,Tree,0.06
P1-2-C-03.Post,FWD,6.4
P1-2-C-03.Post,Herbaceous,4.42
P1-2-C-03.Post,Shrub,24.599999999999998
P1-2-C-03.Post,Substrate,72.8
P1-2-C-03.Post,Tree,6.82
P1-2-C-03.Post,UNK,0.02
P1-2-C-03.Post2,FWD,0
P1-2-C-03.Post2,Herbaceous,0
P1-2-C-03.Post2,Shrub,0
P1-2-C-03.Post2,Substrate,0
P1-2-C-03.Post2,Tree,0
P1-2-C-03.Post3,FWD,15
P1-2-C-03.Post3,Fuel in Air,2.6
P1-2-C-03.Post3,Herbaceous,5.66
P1-2-C-03.Post3,Shrub,20.86
P1-2-C-03.Post3,Substrate,77.8
P1-2-C-03.Post3,Tree,9.68
P1-2-C-03.Pre,FWD,10.2
P1-2-C-03.Pre,Herbaceous,6.54
P1-2-C-03.Pre,Shrub,20.4
P1-2-C-03.Pre,Substrate,73.19999999999999
P1-2-C-03.Pre,Tree,4.2
P1-2-C-04.Post,FWD,16.6
P1-2-C-04.Post,Herbaceous,6.58
P1-2-C-04.Post,Shrub,2.64
P1-2-C-04.Post,Substrate,70.6
P1-2-C-04.Post,Tree,1.42
P1-2-C-04.Post2,FWD,0
P1-2-C-04.Post2,Herbaceous,0
P1-2-C-04.Post2,Shrub,0
P1-2-C-04.Post2,Substrate,0
P1-2-C-04.Post2,Tree,0
P1-2-C-04.Post3,FWD,6.6
P1-2-C-04.Post3,Fuel in Air,0.6
P1-2-C-04.Post3,Herbaceous,5.359999999999999
P1-2-C-04.Post3,Shrub,5.680000000000001
P1-2-C-04.Post3,Substrate,79
P1-2-C-04.Post3,Tree,1.48
P1-2-C-04.Post3,UNK,0.06000000000000001
P1-2-C-04.Pre,FWD,17.4
P1-2-C-04.Pre,Herbaceous,9.74
P1-2-C-04.Pre,Shrub,2.44
P1-2-C-04.Pre,Substrate,65.6
P1-2-C-04.Pre,Tree,1.22
P1-2-C-05.Post,FWD,14.4
P1-2-C-05.Post,Herbaceous,2.48
P1-2-C-05.Post,Shrub,9.42
P1-2-C-05.Post,Substrate,72.39999999999999
P1-2-C-05.Post,Tree,0.26
P1-2-C-05.Post2,FWD,0
P1-2-C-05.Post2,Herbaceous,0
P1-2-C-05.Post2,Shrub,0
P1-2-C-05.Post2,Substrate,0
P1-2-C-05.Post2,Tree,0
P1-2-C-05.Post3,FWD,10.6
P1-2-C-05.Post3,Fuel in Air,0.8
P1-2-C-05.Post3,Herbaceous,5.7
P1-2-C-05.Post3,Shrub,9.9
P1-2-C-05.Post3,Substrate,79.8
P1-2-C-05.Post3,Tree,1.48
P1-2-C-05.Post3,UNK,0.04
P1-2-C-05.Pre,FWD,11.4
P1-2-C-05.Pre,Herbaceous,3.16
P1-2-C-05.Pre,Shrub,8.24
P1-2-C-05.Pre,Substrate,72
P1-2-C-05.Pre,Tree,0.8600000000000001
P1-2-T-610-03.Post,FWD,32.4
P1-2-T-610-03.Post,Herbaceous,3.3000000000000003
P1-2-T-610-03.Post,Shrub,16.82
P1-2-T-610-03.Post,Substrate,67.6
P1-2-T-610-03.Post,Tree,0.08
P1-2-T-610-03.Post2,FWD,0
P1-2-T-610-03.Post2,Herbaceous,0
P1-2-T-610-03.Post2,Shrub,0
P1-2-T-610-03.Post2,Substrate,0
P1-2-T-610-03.Post2,Tree,0
P1-2-T-610-03.Post2,UNK,0
P1-2-T-610-03.Post3,FWD,12
P1-2-T-610-03.Post3,Fuel in Air,0.2
P1-2-T-610-03.Post3,Herbaceous,5.9399999999999995
P1-2-T-610-03.Post3,Shrub,19.82
P1-2-T-610-03.Post3,Substrate,79
P1-2-T-610-03.Post3,Tree,2.48
P1-2-T-610-03.Post3,UNK,0.02
P1-2-T-610-03.Pre,FWD,10
P1-2-T-610-03.Pre,Herbaceous,5.98
P1-2-T-610-03.Pre,Shrub,17.22
P1-2-T-610-03.Pre,Substrate,70.4
P1-2-T-610-03.Pre,Tree,1.82
P1-2-T-610-05.Post,FWD,14.4
P1-2-T-610-05.Post,Herbaceous,1.1
P1-2-T-610-05.Post,Shrub,6.4
P1-2-T-610-05.Post,Substrate,74.2
P1-2-T-610-05.Post,Tree,0.04
P1-2-T-610-05.Post2,FWD,0
P1-2-T-610-05.Post2,Herbaceous,0
P1-2-T-610-05.Post2,Shrub,0
P1-2-T-610-05.Post2,Substrate,0
P1-2-T-610-05.Post2,Tree,0
P1-2-T-610-05.Post2,UNK,0
P1-2-T-610-05.Post3,FWD,7.2
P1-2-T-610-05.Post3,Herbaceous,7.18
P1-2-T-610-05.Post3,Shrub,11.02
P1-2-T-610-05.Post3,Substrate,79.39999999999999
P1-2-T-610-05.Post3,Tree,0.86
P1-2-T-610-05.Pre,FWD,7.4
P1-2-T-610-05.Pre,Herbaceous,2.9000000000000004
P1-2-T-610-05.Pre,Shrub,9.42
P1-2-T-610-05.Pre,Substrate,72.60000000000001
P1-2-T-610-05.Pre,Tree,0.26
P1-2-T-615-01.Post,FWD,13.2
P1-2-T-615-01.Post,Herbaceous,5.720000000000001
P1-2-T-615-01.Post,Shrub,7.44
P1-2-T-615-01.Post,Substrate,69.8
P1-2-T-615-01.Post,Tree,4.6
P1-2-T-615-01.PreNT,FWD,24.4
P1-2-T-615-01.PreNT,Herbaceous,10.26
P1-2-T-615-01.PreNT,Shrub,9.32
P1-2-T-615-01.PreNT,Substrate,146.6
P1-2-T-615-01.PreNT,Tree,8.42
P1-2-T-615-01.PreNT,UNK,0.02
P1-2-T-615-02.Post,FWD,18
P1-2-T-615-02.Post,Herbaceous,1.94
P1-2-T-615-02.Post,Shrub,5.82
P1-2-T-615-02.Post,Substrate,69.8
P1-2-T-615-02.Post,Tree,4.04
P1-2-T-615-02.PreNT,FWD,30
P1-2-T-615-02.PreNT,Herbaceous,6.46
P1-2-T-615-02.PreNT,Shrub,11.260000000000002
P1-2-T-615-02.PreNT,Substrate,142.20000000000002
P1-2-T-615-02.PreNT,Tree,4.68
P1-2-T-616-02.Post,FWD,15.4
P1-2-T-616-02.Post,Herbaceous,1.56
P1-2-T-616-02.Post,Shrub,4.819999999999999
P1-2-T-616-02.Post,Substrate,72.2
P1-2-T-616-02.Post,Tree,0.8600000000000001
P1-2-T-616-02.Post2,FWD,0
P1-2-T-616-02.Post2,Herbaceous,0
P1-2-T-616-02.Post2,Shrub,0
P1-2-T-616-02.Post2,Substrate,0
P1-2-T-616-02.Post2,Tree,0
P1-2-T-616-02.Post2,UNK,0
P1-2-T-616-02.Post3,FWD,6.6
P1-2-T-616-02.Post3,Fuel in Air,1.6
P1-2-T-616-02.Post3,Herbaceous,10.54
P1-2-T-616-02.Post3,Shrub,10.26
P1-2-T-616-02.Post3,Substrate,78.4
P1-2-T-616-02.Post3,Tree,7.4799999999999995
P1-2-T-616-02.Pre,FWD,9.8
P1-2-T-616-02.Pre,Herbaceous,1.1
P1-2-T-616-02.Pre,Shrub,7.6000000000000005
P1-2-T-616-02.Pre,Substrate,73.6
P1-2-T-616-02.Pre,Tree,6.24
P2-3-C-01.Post,FWD,4
P2-3-C-01.Post,Herbaceous,1.36
P2-3-C-01.Post,Shrub,2.02
P2-3-C-01.Post,Substrate,81.4
P2-3-C-01.Post,Tree,0.8400000000000001
P2-3-C-01.Post2,FWD,0
P2-3-C-01.Post2,Herbaceous,0
P2-3-C-01.Post2,Shrub,0
P2-3-C-01.Post2,Substrate,0
P2-3-C-01.Post2,Tree,0
P2-3-C-01.Post3,FWD,8
P2-3-C-01.Post3,Fuel in Air,0.2
P2-3-C-01.Post3,Herbaceous,2.9400000000000004
P2-3-C-01.Post3,Shrub,1.48
P2-3-C-01.Post3,Substrate,78.8
P2-3-C-01.Post3,Tree,3.06
P2-3-C-01.Pre,FWD,6.4
P2-3-C-01.Pre,Herbaceous,3.1
P2-3-C-01.Pre,Shrub,1.42
P2-3-C-01.Pre,Substrate,71.2
P2-3-C-01.Pre,Tree,0.64
P2-3-C-02.Post,FWD,6.2
P2-3-C-02.Post,Herbaceous,1.6800000000000002
P2-3-C-02.Post,Shrub,13.22
P2-3-C-02.Post,Substrate,76.2
P2-3-C-02.Post,Tree,7.239999999999999
P2-3-C-02.Post2,FWD,0
P2-3-C-02.Post2,Herbaceous,0
P2-3-C-02.Post2,Shrub,0
P2-3-C-02.Post2,Substrate,0
P2-3-C-02.Post2,Tree,0
P2-3-C-02.Post3,FWD,10.4
P2-3-C-02.Post3,Fuel in Air,0.4
P2-3-C-02.Post3,Herbaceous,4.04
P2-3-C-02.Post3,Shrub,12.68
P2-3-C-02.Post3,Substrate,79.6
P2-3-C-02.Post3,Tree,9.46
P2-3-C-02.Pre,FWD,9.4
P2-3-C-02.Pre,Herbaceous,3.14
P2-3-C-02.Pre,Shrub,12.02
P2-3-C-02.Pre,Substrate,76.4
P2-3-C-02.Pre,Tree,6.06
P2-3-C-02.Pre,UNK,0.2
P2-3-C-03.Post,FWD,5.8
P2-3-C-03.Post,Herbaceous,1.9
P2-3-C-03.Post,Shrub,6.02
P2-3-C-03.Post,Substrate,77.39999999999999
P2-3-C-03.Post,Tree,4.22
P2-3-C-03.Post2,FWD,0
P2-3-C-03.Post2,Herbaceous,0
P2-3-C-03.Post2,Shrub,0
P2-3-C-03.Post2,Substrate,0
P2-3-C-03.Post2,Tree,0
P2-3-C-03.Post3,FWD,7.8
P2-3-C-03.Post3,Fuel in Air,1.2
P2-3-C-03.Post3,Herbaceous,3.94
P2-3-C-03.Post3,Shrub,3.42
P2-3-C-03.Post3,Substrate,78.6
P2-3-C-03.Post3,Tree,3.2600000000000002
P2-3-C-03.Post3,UNK,0.02
P2-3-C-03.Pre,FWD,9.6
P2-3-C-03.Pre,Herbaceous,4.62
P2-3-C-03.Pre,Shrub,5.62
P2-3-C-03.Pre,Substrate,72.60000000000001
P2-3-C-03.Pre,Tree,5.6
P2-3-C-04.Post,FWD,12.6
P2-3-C-04.Post,Herbaceous,5.76
P2-3-C-04.Post,Shrub,20.68
P2-3-C-04.Post,Substrate,75
P2-3-C-04.Post,Tree,1.86
P2-3-C-04.Post2,FWD,0
P2-3-C-04.Post2,Herbaceous,0
P2-3-C-04.Post2,Shrub,0
P2-3-C-04.Post2,Substrate,0
P2-3-C-04.Post2,Tree,0
P2-3-C-04.Post2,UNK,0
P2-3-C-04.Post3,FWD,7.2
P2-3-C-04.Post3,Fuel in Air,2
P2-3-C-04.Post3,Herbaceous,4.38
P2-3-C-04.Post3,Shrub,26.119999999999997
P2-3-C-04.Post3,Substrate,99.39999999999999
P2-3-C-04.Post3,Tree,2.2800000000000002
P2-3-C-04.Post3,UNK,0.27999999999999997
P2-3-C-04.Pre,FWD,13.4
P2-3-C-04.Pre,Herbaceous,5.140000000000001
P2-3-C-04.Pre,Shrub,20.64
P2-3-C-04.Pre,Substrate,73
P2-3-C-04.Pre,Tree,6.82
P2-3-C-05.Post,FWD,2
P2-3-C-05.Post,Herbaceous,1.5
P2-3-C-05.Post,Shrub,0.8400000000000001
P2-3-C-05.Post,Substrate,84
P2-3-C-05.Post,Tree,0.22
P2-3-C-05.Post2,FWD,0
P2-3-C-05.Post2,Herbaceous,0
P2-3-C-05.Post2,Shrub,0
P2-3-C-05.Post2,Substrate,0
P2-3-C-05.Post2,Tree,0
P2-3-C-05.Post3,FWD,3
P2-3-C-05.Post3,Fuel in Air,0.2
P2-3-C-05.Post3,Herbaceous,2.7800000000000002
P2-3-C-05.Post3,Shrub,0.08
P2-3-C-05.Post3,Substrate,80
P2-3-C-05.Post3,Tree,0.26
P2-3-C-05.Pre,FWD,5.2
P2-3-C-05.Pre,Herbaceous,3.66
P2-3-C-05.Pre,Shrub,1.82
P2-3-C-05.Pre,Substrate,75.8
P2-3-C-05.Pre,Tree,0.42000000000000004
P2-3-C-06.Post,FWD,20
P2-3-C-06.Post,Herbaceous,7.6
P2-3-C-06.Post,Shrub,6.62
P2-3-C-06.Post,Substrate,69.2
P2-3-C-06.Post,Tree,9.2
P2-3-C-06.Post2,FWD,0
P2-3-C-06.Post2,Herbaceous,0
P2-3-C-06.Post2,Shrub,0
P2-3-C-06.Post2,Substrate,0
P2-3-C-06.Post2,Tree,0
P2-3-C-06.Post2,UNK,0
P2-3-C-06.Post3,FWD,22.6
P2-3-C-06.Post3,Fuel in Air,1.6
P2-3-C-06.Post3,Herbaceous,18.560000000000002
P2-3-C-06.Post3,Shrub,10.14
P2-3-C-06.Post3,Substrate,76.4
P2-3-C-06.Post3,Tree,18.88
P2-3-C-06.Pre,FWD,50
P2-3-C-06.Pre,Herbaceous,20.92
P2-3-C-06.Pre,Shrub,10.440000000000001
P2-3-C-06.Pre,Substrate,87.8
P2-3-C-06.Pre,Tree,8.82
P2-3-C-07.Post,FWD,6.4
P2-3-C-07.Post,Herbaceous,3.22
P2-3-C-07.Post,Shrub,3.8000000000000003
P2-3-C-07.Post,Substrate,76.8
P2-3-C-07.Post,Tree,1
P2-3-C-07.Post2,FWD,0
P2-3-C-07.Post2,Herbaceous,0
P2-3-C-07.Post2,Shrub,0
P2-3-C-07.Post2,Substrate,0
P2-3-C-07.Post2,Tree,0
P2-3-C-07.Post2,UNK,0
P2-3-C-07.Post3,FWD,20.6
P2-3-C-07.Post3,Herbaceous,4.56
P2-3-C-07.Post3,Shrub,7.660000000000001
P2-3-C-07.Post3,Substrate,78.8
P2-3-C-07.Post3,Tree,0.04
P2-3-C-07.Post3,UNK,0.02
P2-3-C-07.Pre,FWD,12.4
P2-3-C-07.Pre,Herbaceous,6.340000000000001
P2-3-C-07.Pre,Shrub,7.6000000000000005
P2-3-C-07.Pre,Substrate,77.2
P2-3-C-07.Pre,Tree,1.6
P2-3-C-08.Post,FWD,1.6
P2-3-C-08.Post,Herbaceous,3.6199999999999997
P2-3-C-08.Post,Shrub,8.44
P2-3-C-08.Post,Substrate,79.6
P2-3-C-08.Post,Tree,0.24000000000000002
P2-3-C-08.Post2,FWD,0
P2-3-C-08.Post2,Herbaceous,0
P2-3-C-08.Post2,Shrub,0
P2-3-C-08.Post2,Substrate,0
P2-3-C-08.Post2,Tree,0
P2-3-C-08.Post3,FWD,5.8
P2-3-C-08.Post3,Fuel in Air,2.4
P2-3-C-08.Post3,Herbaceous,4.159999999999999
P2-3-C-08.Post3,Shrub,11.280000000000001
P2-3-C-08.Post3,Substrate,79.8
P2-3-C-08.Post3,Tree,0.04
P2-3-C-08.Post3,UNK,0.02
P2-3-C-08.Pre,FWD,13.8
P2-3-C-08.Pre,Herbaceous,4.32
P2-3-C-08.Pre,Shrub,11.26
P2-3-C-08.Pre,Substrate,89.60000000000001
P2-3-C-08.Pre,Tree,0.04
P2-3-T-589-02.Post,FWD,12.8
P2-3-T-589-02.Post,Herbaceous,4.02
P2-3-T-589-02.Post,Shrub,5.82
P2-3-T-589-02.Post,Substrate,76.60000000000001
P2-3-T-589-02.Post,Tree,1.42
P2-3-T-589-02.Post2,FWD,0
P2-3-T-589-02.Post2,Herbaceous,0
P2-3-T-589-02.Post2,Shrub,0
P2-3-T-589-02.Post2,Substrate,0
P2-3-T-589-02.Post2,Tree,0
P2-3-T-589-02.Post3,FWD,9.4
P2-3-T-589-02.Post3,Herbaceous,8.46
P2-3-T-589-02.Post3,Shrub,9.84
P2-3-T-589-02.Post3,Substrate,80
P2-3-T-589-02.Post3,Tree,2.6599999999999997
P2-3-T-589-02.Post3,UNK,0.22000000000000003
P2-3-T-589-02.Pre,FWD,9
P2-3-T-589-02.Pre,Herbaceous,5.22
P2-3-T-589-02.Pre,Shrub,9.42
P2-3-T-589-02.Pre,Substrate,72.4
P2-3-T-589-02.Pre,Tree,2.2
P2-3-T-589-04.Post,FWD,16
P2-3-T-589-04.Post,Herbaceous,2.95
P2-3-T-589-04.Post,Shrub,3.8
P2-3-T-589-04.Post,Substrate,76.5
P2-3-T-589-04.Post,Tree,0.07500000000000001
P2-3-T-589-04.Post2,FWD,0
P2-3-T-589-04.Post2,Herbaceous,0
P2-3-T-589-04.Post2,Shrub,0
P2-3-T-589-04.Post2,Substrate,0
P2-3-T-589-04.Post2,Tree,0
P2-3-T-589-04.Post2,UNK,0
P2-3-T-589-04.Post3,FWD,4.4
P2-3-T-589-04.Post3,Fuel in Air,1.6
P2-3-T-589-04.Post3,Herbaceous,2.9400000000000004
P2-3-T-589-04.Post3,Shrub,4.4799999999999995
P2-3-T-589-04.Post3,Substrate,79.39999999999999
P2-3-T-589-04.Post3,Tree,0.06
P2-3-T-589-04.Pre,FWD,5
P2-3-T-589-04.Pre,Herbaceous,2.3400000000000003
P2-3-T-589-04.Pre,Shrub,3.2399999999999998
P2-3-T-589-04.Pre,Substrate,75.60000000000001
P2-3-T-589-04.Pre,Tree,3.62
P2-3-T-596-04.Post,FWD,13.2
P2-3-T-596-04.Post,Herbaceous,2.4
P2-3-T-596-04.Post,Shrub,3.04
P2-3-T-596-04.Post,Substrate,73.2
P2-3-T-596-04.Post,Tree,4.24
P2-3-T-596-04.Post2,FWD,0
P2-3-T-596-04.Post2,Herbaceous,0
P2-3-T-596-04.Post2,Shrub,0
P2-3-T-596-04.Post2,Substrate,0
P2-3-T-596-04.Post2,Tree,0
P2-3-T-596-04.Post2,UNK,0
P2-3-T-596-04.Post3,FWD,7.4
P2-3-T-596-04.Post3,Fuel in Air,0.2
P2-3-T-596-04.Post3,Herbaceous,5.9
P2-3-T-596-04.Post3,Shrub,16.259999999999998
P2-3-T-596-04.Post3,Substrate,77.2
P2-3-T-596-04.Post3,Tree,4.66
P2-3-T-596-04.Post3,UNK,0.02
P2-3-T-596-04.Pre,FWD,9.6
P2-3-T-596-04.Pre,Herbaceous,6.1
P2-3-T-596-04.Pre,Shrub,5.64
P2-3-T-596-04.Pre,Substrate,74.39999999999999
P2-3-T-596-04.Pre,Tree,5.04
P2-3-T-601-02.Post,FWD,18.2
P2-3-T-601-02.Post,Herbaceous,2.06
P2-3-T-601-02.Post,Shrub,3.46
P2-3-T-601-02.Post,Substrate,73.2
P2-3-T-601-02.Post,Tree,1.6199999999999999
P2-3-T-601-02.Post2,FWD,0
P2-3-T-601-02.Post2,Herbaceous,0
P2-3-T-601-02.Post2,Shrub,0
P2-3-T-601-02.Post2,Substrate,0
P2-3-T-601-02.Post2,Tree,0
P2-3-T-601-02.Post2,UNK,0
P2-3-T-601-02.Post3,FWD,10.4
P2-3-T-601-02.Post3,Fuel in Air,2.4
P2-3-T-601-02.Post3,Herbaceous,11.180000000000001
P2-3-T-601-02.Post3,Shrub,7.1000000000000005
P2-3-T-601-02.Post3,Substrate,77.39999999999999
P2-3-T-601-02.Post3,Tree,4.86
P2-3-T-601-02.Pre,FWD,11.6
P2-3-T-601-02.Pre,Herbaceous,4.78
P2-3-T-601-02.Pre,Shrub,8.06
P2-3-T-601-02.Pre,Substrate,72.4
P2-3-T-601-02.Pre,Tree,13.639999999999999
P2-3-T-601-04.Post,FWD,13.8
P2-3-T-601-04.Post,Herbaceous,2.74
P2-3-T-601-04.Post,Shrub,4.62
P2-3-T-601-04.Post,Substrate,74.2
P2-3-T-601-04.Post,Tree,0.62
P2-3-T-601-04.Post2,FWD,0
P2-3-T-601-04.Post2,Herbaceous,0
P2-3-T-601-04.Post2,Shrub,0
P2-3-T-601-04.Post2,Substrate,0
P2-3-T-601-04.Post2,Tree,0
P2-3-T-601-04.Post2,UNK,0
P2-3-T-601-04.Post3,FWD,4.8
P2-3-T-601-04.Post3,Fuel in Air,1
P2-3-T-601-04.Post3,Herbaceous,3.7
P2-3-T-601-04.Post3,Shrub,10.66
P2-3-T-601-04.Post3,Substrate,77.2
P2-3-T-601-04.Post3,Tree,3.2600000000000002
P2-3-T-601-04.Post3,UNK,0.04
P2-3-T-601-04.Pre,FWD,15.4
P2-3-T-601-04.Pre,Herbaceous,4.7
P2-3-T-601-04.Pre,Shrub,15.219999999999999
P2-3-T-601-04.Pre,Substrate,74.2
P2-3-T-601-04.Pre,Tree,2.24
P2-3-T-602-01.Post,FWD,10.8
P2-3-T-602-01.Post,Herbaceous,1.74
P2-3-T-602-01.Post,Shrub,2.84
P2-3-T-602-01.Post,Substrate,74.39999999999999
P2-3-T-602-01.Post,Tree,0.06
P2-3-T-602-01.Post2,FWD,0
P2-3-T-602-01.Post2,Herbaceous,0
P2-3-T-602-01.Post2,Shrub,0
P2-3-T-602-01.Post2,Substrate,0
P2-3-T-602-01.Post2,Tree,0
P2-3-T-602-01.Post3,FWD,12.2
P2-3-T-602-01.Post3,Herbaceous,3.7800000000000002
P2-3-T-602-01.Post3,Shrub,10.639999999999999
P2-3-T-602-01.Post3,Substrate,79.60000000000001
P2-3-T-602-01.Post3,Tree,0.66
P2-3-T-602-01.Post3,UNK,0.02
P2-3-T-602-01.Pre,FWD,10
P2-3-T-602-01.Pre,Herbaceous,3.9
P2-3-T-602-01.Pre,Shrub,5.84
P2-3-T-602-01.Pre,Substrate,79.4
P2-3-T-602-01.Pre,Tree,0.46
P2-3-T-602-06.Post,FWD,5.2
P2-3-T-602-06.Post,Herbaceous,1.6
P2-3-T-602-06.Post,Shrub,2.06
P2-3-T-602-06.Post,Substrate,78.2
P2-3-T-602-06.Post,Tree,0.64
P2-3-T-602-06.Post2,FWD,0
P2-3-T-602-06.Post2,Herbaceous,0
P2-3-T-602-06.Post2,Shrub,0
P2-3-T-602-06.Post2,Substrate,0
P2-3-T-602-06.Post2,Tree,0
P2-3-T-602-06.Post3,FWD,5.2
P2-3-T-602-06.Post3,Herbaceous,3.1400000000000006
P2-3-T-602-06.Post3,Shrub,2.3
P2-3-T-602-06.Post3,Substrate,78.6
P2-3-T-602-06.Post3,Tree,1.06
P2-3-T-602-06.Post3,UNK,0.02
P2-3-T-602-06.Pre,FWD,7.6
P2-3-T-602-06.Pre,Herbaceous,2.4
P2-3-T-602-06.Pre,Shrub,2.86
P2-3-T-602-06.Pre,Substrate,86.8
P2-3-T-602-06.Pre,Tree,1.24
P2-3-T-603-05.Post,FWD,22.8
P2-3-T-603-05.Post,Herbaceous,1.02
P2-3-T-603-05.Post,Shrub,4.8
P2-3-T-603-05.Post,Substrate,66.4
P2-3-T-603-05.Post,Tree,1.4000000000000001
P2-3-T-603-05.Post2,FWD,0
P2-3-T-603-05.Post2,Herbaceous,0
P2-3-T-603-05.Post2,Shrub,0
P2-3-T-603-05.Post2,Substrate,0
P2-3-T-603-05.Post2,Tree,0
P2-3-T-603-05.Post2,UNK,0
P2-3-T-603-05.Post3,FWD,17
P2-3-T-603-05.Post3,Herbaceous,7.6000000000000005
P2-3-T-603-05.Post3,Shrub,12.24
P2-3-T-603-05.Post3,Substrate,73.6
P2-3-T-603-05.Post3,Tree,8.88
P2-3-T-603-05.Post3,UNK,0.04
P2-3-T-603-05.Pre,FWD,25
P2-3-T-603-05.Pre,Herbaceous,4.36
P2-3-T-603-05.Pre,Shrub,13.600000000000001
P2-3-T-603-05.Pre,Substrate,76.2
P2-3-T-603-05.Pre,Tree,7.82
P2-3-T-604-01.Post,FWD,15.2
P2-3-T-604-01.Post,Herbaceous,3.66
P2-3-T-604-01.Post,Shrub,2.2
P2-3-T-604-01.Post,Substrate,75.2
P2-3-T-604-01.Post,Tree,0.62
P2-3-T-604-01.Post2,FWD,0
P2-3-T-604-01.Post2,Herbaceous,0
P2-3-T-604-01.Post2,Shrub,0
P2-3-T-604-01.Post2,Substrate,0
P2-3-T-604-01.Post2,Tree,0
P2-3-T-604-01.Post2,UNK,0
P2-3-T-604-01.Post3,FWD,12.6
P2-3-T-604-01.Post3,Fuel in Air,0.4
P2-3-T-604-01.Post3,Herbaceous,11.579999999999998
P2-3-T-604-01.Post3,Shrub,3.04
P2-3-T-604-01.Post3,Substrate,78.2
P2-3-T-604-01.Post3,Tree,13.46
P2-3-T-604-01.Post3,UNK,0.02
P2-3-T-604-01.Pre,FWD,9.4
P2-3-T-604-01.Pre,Herbaceous,7.92
P2-3-T-604-01.Pre,Shrub,13.02
P2-3-T-604-01.Pre,Substrate,72.2
P2-3-T-604-01.Pre,Tree,3.2
P2-3-T-606-01.Post,FWD,3.2
P2-3-T-606-01.Post,Herbaceous,3.1
P2-3-T-606-01.Post,Shrub,6.819999999999999
P2-3-T-606-01.Post,Substrate,77
P2-3-T-606-01.Post2,FWD,0
P2-3-T-606-01.Post2,Herbaceous,0
P2-3-T-606-01.Post2,Shrub,0
P2-3-T-606-01.Post2,Substrate,0
P2-3-T-606-01.Post2,Tree,0
P2-3-T-606-01.Post2,UNK,0
P2-3-T-606-01.Post3,FWD,5.4
P2-3-T-606-01.Post3,Herbaceous,7.28
P2-3-T-606-01.Post3,Shrub,19.04
P2-3-T-606-01.Post3,Substrate,96
P2-3-T-606-01.Post3,Tree,2.44
P2-3-T-606-01.Post3,UNK,0.06000000000000001
P2-3-T-606-01.Pre,FWD,5.4
P2-3-T-606-01.Pre,Herbaceous,5.3
P2-3-T-606-01.Pre,Shrub,7.02
P2-3-T-606-01.Pre,Substrate,73
P2-3-T-606-01.Pre,Tree,3.2
PHA-2C1-01.Post,FWD,2
PHA-2C1-01.Post,Herbaceous,0.6666666666666666
PHA-2C1-01.Post,Shrub,1.7777777777777777
PHA-2C1-01.Post,Substrate,24.777777777777775
PHA-2C1-01.Post,Tree,0.2222222222222222
PHA-2C1-01.Post2,FWD,4.888888888888889
PHA-2C1-01.Post2,Herbaceous,1.1666666666666665
PHA-2C1-01.Post2,Shrub,1.5666666666666667
PHA-2C1-01.Post2,Substrate,22.22222222222222
PHA-2C1-01.Post2,Tree,0.21111111111111114
PHA-2C1-01.Pre,FWD,4.777777777777778
PHA-2C1-01.Pre,Fuel in Air,1.8888888888888888
PHA-2C1-01.Pre,Herbaceous,2.888888888888889
PHA-2C1-01.Pre,Shrub,1.6777777777777778
PHA-2C1-01.Pre,Substrate,17.333333333333332
PHA-2C1-01.Pre,Tree,2.011111111111111
PHA-2C1-02.Post,FWD,1
PHA-2C1-02.Post,Herbaceous,0
PHA-2C1-02.Post,Shrub,4.222222222222222
PHA-2C1-02.Post,Substrate,22.222222222222225
PHA-2C1-02.Post,Tree,0
PHA-2C1-02.Post2,FWD,2.2222222222222223
PHA-2C1-02.Post2,Herbaceous,1.5444444444444443
PHA-2C1-02.Post2,Shrub,2.4555555555555557
PHA-2C1-02.Post2,Substrate,22.22222222222222
PHA-2C1-02.Post2,Tree,0.044444444444444446
PHA-2C1-02.Pre,FWD,0.7777777777777778
PHA-2C1-02.Pre,Fuel in Air,0.4444444444444444
PHA-2C1-02.Pre,Herbaceous,1.4
PHA-2C1-02.Pre,Shrub,6
PHA-2C1-02.Pre,Substrate,21
PHA-2C1-02.Pre,Tree,0.13333333333333333
PHA-2C1-06.Post,FWD,2.111111111111111
PHA-2C1-06.Post,Herbaceous,0.7777777777777777
PHA-2C1-06.Post,Shrub,0
PHA-2C1-06.Post,Substrate,22.222222222222225
PHA-2C1-06.Post,Tree,0
PHA-2C1-06.Post2,FWD,1.5555555555555556
PHA-2C1-06.Post2,Fuel in Air,0.5555555555555556
PHA-2C1-06.Post2,Herbaceous,0.8777777777777778
PHA-2C1-06.Post2,Shrub,0.12222222222222222
PHA-2C1-06.Post2,Substrate,22.22222222222222
PHA-2C1-06.Post2,Tree,0.14444444444444446
PHA-2C1-06.Pre,FWD,1.8888888888888888
PHA-2C1-06.Pre,Fuel in Air,0.3333333333333333
PHA-2C1-06.Pre,Herbaceous,0.5777777777777777
PHA-2C1-06.Pre,Shrub,0.1111111111111111
PHA-2C1-06.Pre,Substrate,20.11111111111111
PHA-2C1-06.Pre,Tree,0.03333333333333333
PHA-2C1-08.Post,FWD,2.3333333333333335
PHA-2C1-08.Post,Herbaceous,1.1111111111111112
PHA-2C1-08.Post,Shrub,1.6666666666666665
PHA-2C1-08.Post,Substrate,22.22222222222222
PHA-2C1-08.Post,Tree,0
PHA-2C1-08.Post2,FWD,1.5555555555555556
PHA-2C1-08.Post2,Herbaceous,0.6666666666666667
PHA-2C1-08.Post2,Shrub,4.455555555555556
PHA-2C1-08.Post2,Substrate,22.22222222222222
PHA-2C1-08.Post2,Tree,0.08888888888888889
PHA-2C1-08.Pre,FWD,1.7777777777777777
PHA-2C1-08.Pre,Herbaceous,0.9777777777777777
PHA-2C1-08.Pre,Shrub,1.5666666666666667
PHA-2C1-08.Pre,Substrate,20.444444444444443
PHA-2C1-08.Pre,Tree,0.14444444444444443
PHA-2C1-10.Post,FWD,3.6666666666666665
PHA-2C1-10.Post,Herbaceous,0.7777777777777777
PHA-2C1-10.Post,Shrub,1.6666666666666667
PHA-2C1-10.Post,Substrate,22.22222222222222
PHA-2C1-10.Post,Tree,2.111111111111111
PHA-2C1-10.Post2,FWD,2.2222222222222223
PHA-2C1-10.Post2,Herbaceous,2.466666666666667
PHA-2C1-10.Post2,Shrub,1.5777777777777777
PHA-2C1-10.Post2,Substrate,22.22222222222222
PHA-2C1-10.Post2,Tree,1.2
PHA-2C1-10.Pre,FWD,3.3333333333333335
PHA-2C1-10.Pre,Fuel in Air,0.2222222222222222
PHA-2C1-10.Pre,Herbaceous,2.6555555555555554
PHA-2C1-10.Pre,Shrub,1.2444444444444445
PHA-2C1-10.Pre,Substrate,18.88888888888889
PHA-2C1-10.Pre,Tree,1.5777777777777777
PHA-2C1-11.Post,FWD,1.2222222222222223
PHA-2C1-11.Post,Herbaceous,1.5555555555555554
PHA-2C1-11.Post,Shrub,2.2222222222222223
PHA-2C1-11.Post,Substrate,22.222222222222225
PHA-2C1-11.Post,Tree,0.6666666666666666
PHA-2C1-11.Post2,FWD,1.7777777777777777
PHA-2C1-11.Post2,Herbaceous,2.711111111111111
PHA-2C1-11.Post2,Shrub,1.5777777777777777
PHA-2C1-11.Post2,Substrate,22.22222222222222
PHA-2C1-11.Post2,Tree,0.26666666666666666
PHA-2C1-11.Pre,FWD,2
PHA-2C1-11.Pre,Herbaceous,2.6777777777777776
PHA-2C1-11.Pre,Shrub,3.2333333333333334
PHA-2C1-11.Pre,Substrate,20.22222222222222
PHA-2C1-11.Pre,Tree,1.1111111111111112
PHA-2C2-03.Post,FWD,0.8888888888888888
PHA-2C2-03.Post,Herbaceous,1.6666666666666665
PHA-2C2-03.Post,Shrub,2.4444444444444446
PHA-2C2-03.Post,Substrate,22.22222222222222
PHA-2C2-03.Post,Tree,0.3333333333333333
PHA-2C2-03.Post2,FWD,1.2222222222222223
PHA-2C2-03.Post2,Fuel in Air,0.2222222222222222
PHA-2C2-03.Post2,Herbaceous,2.7222222222222223
PHA-2C2-03.Post2,Shrub,1.6
PHA-2C2-03.Post2,Substrate,22.222222222222225
PHA-2C2-03.Post2,Tree,0.8666666666666667
PHA-2C2-03.Pre,FWD,1.7777777777777777
PHA-2C2-03.Pre,Fuel in Air,0.4444444444444444
PHA-2C2-03.Pre,Herbaceous,4.311111111111111
PHA-2C2-03.Pre,Shrub,3.4555555555555557
PHA-2C2-03.Pre,Substrate,20.444444444444446
PHA-2C2-03.Pre,Tree,0.24444444444444444
PHA-2C2-04.Post,FWD,2.3333333333333335
PHA-2C2-04.Post,Herbaceous,3.2222222222222223
PHA-2C2-04.Post,Shrub,0.8888888888888888
PHA-2C2-04.Post,Substrate,22.22222222222222
PHA-2C2-04.Post,Tree,1.6666666666666665
PHA-2C2-04.Post2,FWD,3
PHA-2C2-04.Post2,Herbaceous,4.233333333333333
PHA-2C2-04.Post2,Shrub,1.3444444444444446
PHA-2C2-04.Post2,Substrate,22.22222222222222
PHA-2C2-04.Post2,Tree,1.4111111111111112
PHA-2C2-04.Pre,FWD,3.375
PHA-2C2-04.Pre,Fuel in Air,0.25
PHA-2C2-04.Pre,Herbaceous,6.875
PHA-2C2-04.Pre,Shrub,4.375
PHA-2C2-04.Pre,Substrate,21.25
PHA-2C2-04.Pre,Tree,1.625
PHA-2C2-05.Post,FWD,3.3333333333333335
PHA-2C2-05.Post,Herbaceous,3.2222222222222223
PHA-2C2-05.Post,Shrub,2.111111111111111
PHA-2C2-05.Post,Substrate,22.22222222222222
PHA-2C2-05.Post,Tree,1.2222222222222223
PHA-2C2-05.Post2,FWD,2.888888888888889
PHA-2C2-05.Post2,Fuel in Air,0.2222222222222222
PHA-2C2-05.Post2,Herbaceous,3.311111111111111
PHA-2C2-05.Post2,Shrub,2.2333333333333334
PHA-2C2-05.Post2,Substrate,22.222222222222225
PHA-2C2-05.Post2,Tree,2.0444444444444443
PHA-2C2-05.Pre,FWD,1.75
PHA-2C2-05.Pre,Fuel in Air,0.625
PHA-2C2-05.Pre,Herbaceous,4.125
PHA-2C2-05.Pre,Shrub,3.375
PHA-2C2-05.Pre,Substrate,23.25
PHA-2C2-05.Pre,Tree,1.375
PHA-2C2-07.Post,FWD,0.8888888888888888
PHA-2C2-07.Post,Herbaceous,0.2222222222222222
PHA-2C2-07.Post,Shrub,0.1111111111111111
PHA-2C2-07.Post,Substrate,22.22222222222222
PHA-2C2-07.Post,Tree,0
PHA-2C2-07.Post2,FWD,1.7777777777777777
PHA-2C2-07.Post2,Herbaceous,0.9777777777777777
PHA-2C2-07.Post2,Shrub,0.022222222222222223
PHA-2C2-07.Post2,Substrate,22.22222222222222
PHA-2C2-07.Post2,Tree,0.044444444444444446
PHA-2C2-07.Pre,FWD,1.5555555555555556
PHA-2C2-07.Pre,Herbaceous,2
PHA-2C2-07.Pre,Shrub,0.12222222222222222
PHA-2C2-07.Pre,Substrate,20.666666666666664
PHA-2C2-07.Pre,Tree,0.8888888888888888
PHA-2C2-09.Post,FWD,5.888888888888889
PHA-2C2-09.Post,Fuel in Air,0.2222222222222222
PHA-2C2-09.Post,Herbaceous,1.1111111111111112
PHA-2C2-09.Post,Shrub,5.666666666666666
PHA-2C2-09.Post,Substrate,22.22222222222222
PHA-2C2-09.Post,Tree,4.111111111111111
PHA-2C2-09.Post2,FWD,4.888888888888889
PHA-2C2-09.Post2,Fuel in Air,0.3333333333333333
PHA-2C2-09.Post2,Herbaceous,1.5222222222222221
PHA-2C2-09.Post2,Shrub,4.8999999999999995
PHA-2C2-09.Post2,Substrate,22.22222222222222
PHA-2C2-09.Post2,Tree,2.733333333333333
PHA-2C2-09.Pre,FWD,5.555555555555555
PHA-2C2-09.Pre,Fuel in Air,0.6666666666666666
PHA-2C2-09.Pre,Herbaceous,3.0444444444444443
PHA-2C2-09.Pre,Shrub,5.2444444444444445
PHA-2C2-09.Pre,Substrate,16.666666666666668
PHA-2C2-09.Pre,Tree,3.9
PHA-2C2-12.Post,FWD,0.6666666666666666
PHA-2C2-12.Post,Fuel in Air,0.1111111111111111
PHA-2C2-12.Post,Herbaceous,1
PHA-2C2-12.Post,Shrub,3.5555555555555554
PHA-2C2-12.Post,Substrate,22.22222222222222
PHA-2C2-12.Post,Tree,0.2222222222222222
PHA-2C2-12.Post2,FWD,2.2222222222222223
PHA-2C2-12.Post2,Herbaceous,2.5444444444444443
PHA-2C2-12.Post2,Shrub,1.9
PHA-2C2-12.Post2,Substrate,22.222222222222225
PHA-2C2-12.Post2,Tree,0.16666666666666669
PHA-2C2-12.Pre,FWD,1
PHA-2C2-12.Pre,Fuel in Air,0.4444444444444444
PHA-2C2-12.Pre,Herbaceous,2.6222222222222222
PHA-2C2-12.Pre,Shrub,3.1222222222222222
PHA-2C2-12.Pre,Substrate,21.333333333333332
PHA-2C2-12.Pre,Tree,0.34444444444444444
PHA-2C3-01.Post,FWD,7.666666666666667
PHA-2C3-01.Post,Herbaceous,1.5555555555555554
PHA-2C3-01.Post,Shrub,5.111111111111111
PHA-2C3-01.Post,Substrate,22.222222222222225
PHA-2C3-01.Post,Tree,0.3333333333333333
PHA-2C3-01.Post2,FWD,5.222222222222222
PHA-2C3-01.Post2,Fuel in Air,0.1111111111111111
PHA-2C3-01.Post2,Herbaceous,1.7111111111111112
PHA-2C3-01.Post2,Shrub,4.033333333333333
PHA-2C3-01.Post2,Substrate,22.222222222222225
PHA-2C3-01.Post2,Tree,0.8555555555555555
PHA-2C3-01.Pre,FWD,5
PHA-2C3-01.Pre,Fuel in Air,0.4444444444444444
PHA-2C3-01.Pre,Herbaceous,2
PHA-2C3-01.Pre,Shrub,5.222222222222222
PHA-2C3-01.Pre,Substrate,17.333333333333332
PHA-2C3-01.Pre,Tree,0.6777777777777777
PHA-2C3-02.Post,FWD,5.555555555555555
PHA-2C3-02.Post,Herbaceous,1.4444444444444444
PHA-2C3-02.Post,Shrub,2.333333333333333
PHA-2C3-02.Post,Substrate,22.22222222222222
PHA-2C3-02.Post,Tree,1.1111111111111112
PHA-2C3-02.Post2,FWD,6.444444444444445
PHA-2C3-02.Post2,Fuel in Air,0.2222222222222222
PHA-2C3-02.Post2,Herbaceous,1.3555555555555556
PHA-2C3-02.Post2,Shrub,2.2666666666666666
PHA-2C3-02.Post2,Substrate,22.222222222222225
PHA-2C3-02.Post2,Tree,1.1222222222222222
PHA-2C3-02.Pre,FWD,3.4444444444444446
PHA-2C3-02.Pre,Fuel in Air,1.2222222222222223
PHA-2C3-02.Pre,Herbaceous,1.0888888888888888
PHA-2C3-02.Pre,Shrub,3.355555555555555
PHA-2C3-02.Pre,Substrate,18.333333333333332
PHA-2C3-02.Pre,Tree,1.6666666666666667
PHA-2C3-03.Post,FWD,5.888888888888889
PHA-2C3-03.Post,Fuel in Air,0.1111111111111111
PHA-2C3-03.Post,Herbaceous,1.1111111111111112
PHA-2C3-03.Post,Shrub,0.6666666666666666
PHA-2C3-03.Post,Substrate,22.22222222222222
PHA-2C3-03.Post,Tree,0.7777777777777777
PHA-2C3-03.Post2,FWD,4.111111111111111
PHA-2C3-03.Post2,Fuel in Air,0.1111111111111111
PHA-2C3-03.Post2,Herbaceous,1.188888888888889
PHA-2C3-03.Post2,Shrub,0.5888888888888888
PHA-2C3-03.Post2,Substrate,22.22222222222222
PHA-2C3-03.Post2,Tree,0.43333333333333335
PHA-2C3-03.Pre,FWD,4.333333333333333
PHA-2C3-03.Pre,Fuel in Air,0.4444444444444444
PHA-2C3-03.Pre,Herbaceous,1.3444444444444446
PHA-2C3-03.Pre,Shrub,1.4555555555555555
PHA-2C3-03.Pre,Substrate,17.88888888888889
PHA-2C3-03.Pre,Tree,0.47777777777777775
PHA-2C3-04.Post,FWD,3.7777777777777777
PHA-2C3-04.Post,Fuel in Air,0.3333333333333333
PHA-2C3-04.Post,Herbaceous,4.333333333333333
PHA-2C3-04.Post,Shrub,5
PHA-2C3-04.Post,Substrate,22.22222222222222
PHA-2C3-04.Post,Tree,1.222222222222222
PHA-2C3-04.Post2,FWD,4.888888888888889
PHA-2C3-04.Post2,Fuel in Air,0.3333333333333333
PHA-2C3-04.Post2,Herbaceous,3.4555555555555557
PHA-2C3-04.Post2,Shrub,4.9222222222222225
PHA-2C3-04.Post2,Substrate,22.22222222222222
PHA-2C3-04.Post2,Tree,1.6444444444444446
PHA-2C3-04.Pre,FWD,5.555555555555555
PHA-2C3-04.Pre,Fuel in Air,1.6666666666666667
PHA-2C3-04.Pre,Herbaceous,4.633333333333333
PHA-2C3-04.Pre,Shrub,6.344444444444445
PHA-2C3-04.Pre,Substrate,16.444444444444443
PHA-2C3-04.Pre,Tree,1.6666666666666667
PHA-2C3-05.Post,FWD,5.222222222222222
PHA-2C3-05.Post,Herbaceous,2.333333333333333
PHA-2C3-05.Post,Shrub,1.5555555555555554
PHA-2C3-05.Post,Substrate,22.22222222222222
PHA-2C3-05.Post,Tree,1.4444444444444444
PHA-2C3-05.Post2,FWD,3.5555555555555554
PHA-2C3-05.Post2,Herbaceous,1.8888888888888888
PHA-2C3-05.Post2,Shrub,2.1333333333333333
PHA-2C3-05.Post2,Substrate,22.22222222222222
PHA-2C3-05.Post2,Tree,1.2111111111111112
PHA-2C3-05.Pre,FWD,2.7777777777777777
PHA-2C3-05.Pre,Fuel in Air,0.5555555555555556
PHA-2C3-05.Pre,Herbaceous,3.4000000000000004
PHA-2C3-05.Pre,Shrub,1.8888888888888888
PHA-2C3-05.Pre,Substrate,19.444444444444443
PHA-2C3-05.Pre,Tree,2.7
PHA-2C3-06.Post,FWD,1.6666666666666667
PHA-2C3-06.Post,Herbaceous,3.2222222222222223
PHA-2C3-06.Post,Shrub,3.7777777777777777
PHA-2C3-06.Post,Substrate,22.22222222222222
PHA-2C3-06.Post,Tree,1.3333333333333333
PHA-2C3-06.Post2,FWD,1.7777777777777777
PHA-2C3-06.Post2,Fuel in Air,0.1111111111111111
PHA-2C3-06.Post2,Herbaceous,2.733333333333333
PHA-2C3-06.Post2,Shrub,3.2444444444444445
PHA-2C3-06.Post2,Substrate,22.222222222222225
PHA-2C3-06.Post2,Tree,0.4444444444444445
PHA-2C3-06.Pre,FWD,2.4444444444444446
PHA-2C3-06.Pre,Fuel in Air,0.5555555555555556
PHA-2C3-06.Pre,Herbaceous,2.1222222222222222
PHA-2C3-06.Pre,Shrub,4
PHA-2C3-06.Pre,Substrate,19.77777777777778
PHA-2C3-06.Pre,Tree,1.6777777777777778
PHA-2T1-01.Post,FWD,2.5555555555555554
PHA-2T1-01.Post,Herbaceous,3.111111111111111
PHA-2T1-01.Post,Shrub,1.4444444444444444
PHA-2T1-01.Post,Substrate,22.22222222222222
PHA-2T1-01.Post,Tree,0.8888888888888888
PHA-2T1-01.Post,UNK,0
PHA-2T1-01.Post2,FWD,0.8888888888888888
PHA-2T1-01.Post2,Herbaceous,3.0888888888888886
PHA-2T1-01.Post2,Shrub,2.7
PHA-2T1-01.Post2,Substrate,22.222222222222225
PHA-2T1-01.Post2,Tree,1.088888888888889
PHA-2T1-01.Pre,FWD,1
PHA-2T1-01.Pre,Fuel in Air,0.1111111111111111
PHA-2T1-01.Pre,Herbaceous,2.033333333333333
PHA-2T1-01.Pre,Shrub,2.2444444444444445
PHA-2T1-01.Pre,Substrate,21.22222222222222
PHA-2T1-01.Pre,Tree,0.14444444444444443
PHA-2T1-02.Post,FWD,3.111111111111111
PHA-2T1-02.Post,Fuel in Air,0.6666666666666666
PHA-2T1-02.Post,Herbaceous,2.2222222222222223
PHA-2T1-02.Post,Shrub,2.7777777777777777
PHA-2T1-02.Post,Substrate,22.22222222222222
PHA-2T1-02.Post,Tree,2.888888888888889
PHA-2T1-02.Post,UNK,0
PHA-2T1-02.Post2,FWD,1.4444444444444444
PHA-2T1-02.Post2,Fuel in Air,0.1111111111111111
PHA-2T1-02.Post2,Herbaceous,3.2888888888888888
PHA-2T1-02.Post2,Shrub,4.288888888888889
PHA-2T1-02.Post2,Substrate,22.222222222222225
PHA-2T1-02.Post2,Tree,2.6222222222222222
PHA-2T1-02.Pre,FWD,2.4444444444444446
PHA-2T1-02.Pre,Fuel in Air,0.2222222222222222
PHA-2T1-02.Pre,Herbaceous,1.5888888888888888
PHA-2T1-02.Pre,Shrub,3.8
PHA-2T1-02.Pre,Substrate,19.88888888888889
PHA-2T1-02.Pre,Tree,1.1111111111111112
PHA-2T1-02.Pre,UNK,0.011111111111111112
PHA-2T1-04.Post,FWD,2.5555555555555554
PHA-2T1-04.Post,Fuel in Air,0.1111111111111111
PHA-2T1-04.Post,Herbaceous,3
PHA-2T1-04.Post,Shrub,1.1111111111111112
PHA-2T1-04.Post,Substrate,22.22222222222222
PHA-2T1-04.Post,Tree,0.2222222222222222
PHA-2T1-04.Post2,FWD,2
PHA-2T1-04.Post2,Herbaceous,3.966666666666667
PHA-2T1-04.Post2,Shrub,1.3555555555555556
PHA-2T1-04.Post2,Substrate,22.22222222222222
PHA-2T1-04.Post2,Tree,0.2888888888888889
PHA-2T1-04.Pre,FWD,1.6666666666666667
PHA-2T1-04.Pre,Fuel in Air,0.2222222222222222
PHA-2T1-04.Pre,Herbaceous,2.411111111111111
PHA-2T1-04.Pre,Shrub,2.2222222222222223
PHA-2T1-04.Pre,Substrate,20.555555555555557
PHA-2T1-04.Pre,Tree,0.12222222222222222
PHA-2T1-05.Post,FWD,7.555555555555555
PHA-2T1-05.Post,Fuel in Air,0.7777777777777778
PHA-2T1-05.Post,Herbaceous,2.111111111111111
PHA-2T1-05.Post,Shrub,5.444444444444445
PHA-2T1-05.Post,Substrate,22.22222222222222
PHA-2T1-05.Post,Tree,3.777777777777778
PHA-2T1-05.Post,UNK,0.2222222222222222
PHA-2T1-05.Post2,FWD,2.4444444444444446
PHA-2T1-05.Post2,Fuel in Air,0.5555555555555556
PHA-2T1-05.Post2,Herbaceous,1.6999999999999997
PHA-2T1-05.Post2,Shrub,5.3
PHA-2T1-05.Post2,Substrate,22.22222222222222
PHA-2T1-05.Post2,Tree,1.3111111111111111
PHA-2T1-05.Pre,FWD,3.5555555555555554
PHA-2T1-05.Pre,Fuel in Air,1.6666666666666667
PHA-2T1-05.Pre,Herbaceous,1.6
PHA-2T1-05.Pre,Shrub,8.144444444444444
PHA-2T1-05.Pre,Substrate,18.666666666666668
PHA-2T1-05.Pre,Tree,3.666666666666667
PHA-2T1-05.Pre,UNK,0.2222222222222222
PHA-2T1-15.Post,FWD,6.666666666666667
PHA-2T1-15.Post,Herbaceous,6.111111111111111
PHA-2T1-15.Post,Shrub,2.6666666666666665
PHA-2T1-15.Post,Substrate,22.22222222222222
PHA-2T1-15.Post,Tree,0.7777777777777778
PHA-2T1-15.Post2,FWD,2.7777777777777777
PHA-2T1-15.Post2,Herbaceous,7.055555555555555
PHA-2T1-15.Post2,Shrub,2.477777777777778
PHA-2T1-15.Post2,Substrate,22.22222222222222
PHA-2T1-15.Post2,Tree,1.1888888888888889
PHA-2T1-15.Pre,FWD,1.2222222222222223
PHA-2T1-15.Pre,Fuel in Air,0.1111111111111111
PHA-2T1-15.Pre,Herbaceous,3.5888888888888886
PHA-2T1-15.Pre,Shrub,6.9111111111111105
PHA-2T1-15.Pre,Substrate,21
PHA-2T1-15.Pre,Tree,1.2333333333333334
PHA-2T1-17.Post,FWD,11.666666666666666
PHA-2T1-17.Post,Herbaceous,4.111111111111111
PHA-2T1-17.Post,Shrub,2
PHA-2T1-17.Post,Substrate,22.22222222222222
PHA-2T1-17.Post,Tree,2.3333333333333335
PHA-2T1-17.Post,UNK,0
PHA-2T1-17.Post2,FWD,1.7777777777777777
PHA-2T1-17.Post2,Herbaceous,6.377777777777778
PHA-2T1-17.Post2,Shrub,2.533333333333333
PHA-2T1-17.Post2,Substrate,22.22222222222222
PHA-2T1-17.Post2,Tree,1.488888888888889
PHA-2T1-17.Pre,FWD,2.111111111111111
PHA-2T1-17.Pre,Fuel in Air,0.8888888888888888
PHA-2T1-17.Pre,Herbaceous,1.311111111111111
PHA-2T1-17.Pre,Shrub,2.2666666666666666
PHA-2T1-17.Pre,Substrate,20.22222222222222
PHA-2T1-17.Pre,Tree,1.788888888888889
PHA-2T1-17.Pre,UNK,0.011111111111111112
PHA-2T2-01.Post,FWD,2.2222222222222223
PHA-2T2-01.Post,Herbaceous,3.8888888888888893
PHA-2T2-01.Post,Shrub,1.5555555555555556
PHA-2T2-01.Post,Substrate,22.22222222222222
PHA-2T2-01.Post,Tree,0
PHA-2T2-01.Post2,FWD,1.8888888888888888
PHA-2T2-01.Post2,Fuel in Air,0.1111111111111111
PHA-2T2-01.Post2,Herbaceous,3.4
PHA-2T2-01.Post2,Shrub,1.1555555555555554
PHA-2T2-01.Post2,Substrate,22.222222222222225
PHA-2T2-01.Post2,Tree,0.17777777777777778
PHA-2T2-01.Pre,FWD,2.111111111111111
PHA-2T2-01.Pre,Fuel in Air,0.2222222222222222
PHA-2T2-01.Pre,Herbaceous,3.1111111111111107
PHA-2T2-01.Pre,Shrub,2.011111111111111
PHA-2T2-01.Pre,Substrate,20.11111111111111
PHA-2T2-01.Pre,Tree,1.2333333333333334
PHA-2T2-02.Post,FWD,3
PHA-2T2-02.Post,Fuel in Air,0.2222222222222222
PHA-2T2-02.Post,Herbaceous,2.2222222222222223
PHA-2T2-02.Post,Shrub,2.888888888888889
PHA-2T2-02.Post,Substrate,22.222222222222225
PHA-2T2-02.Post,Tree,0
PHA-2T2-02.Post2,FWD,2
PHA-2T2-02.Post2,Fuel in Air,0.4444444444444444
PHA-2T2-02.Post2,Herbaceous,4.122222222222223
PHA-2T2-02.Post2,Shrub,3.7
PHA-2T2-02.Post2,Substrate,22.22222222222222
PHA-2T2-02.Post2,Tree,0.17777777777777778
PHA-2T2-02.Pre,FWD,1.1111111111111112
PHA-2T2-02.Pre,Fuel in Air,0.1111111111111111
PHA-2T2-02.Pre,Herbaceous,3.333333333333333
PHA-2T2-02.Pre,Shrub,3.011111111111111
PHA-2T2-02.Pre,Substrate,21
PHA-2T2-02.Pre,Tree,1.4555555555555557
PHA-2T2-03.Post,FWD,4.777777777777778
PHA-2T2-03.Post,Herbaceous,2
PHA-2T2-03.Post,Shrub,0
PHA-2T2-03.Post,Substrate,22.22222222222222
PHA-2T2-03.Post,Tree,0
PHA-2T2-03.Post,UNK,0
PHA-2T2-03.Post2,FWD,1.7777777777777777
PHA-2T2-03.Post2,Herbaceous,2.2555555555555555
PHA-2T2-03.Post2,Shrub,0.03333333333333333
PHA-2T2-03.Post2,Substrate,22.22222222222222
PHA-2T2-03.Post2,Tree,0.2
PHA-2T2-03.Pre,FWD,2.888888888888889
PHA-2T2-03.Pre,Fuel in Air,0.7777777777777778
PHA-2T2-03.Pre,Herbaceous,2.411111111111111
PHA-2T2-03.Pre,Shrub,0.3333333333333333
PHA-2T2-03.Pre,Substrate,19.22222222222222
PHA-2T2-03.Pre,Tree,0.7999999999999999
PHA-2T2-04.Post,FWD,2.888888888888889
PHA-2T2-04.Post,Herbaceous,4
PHA-2T2-04.Post,Shrub,0.6666666666666666
PHA-2T2-04.Post,Substrate,22.22222222222222
PHA-2T2-04.Post,Tree,0.1111111111111111
PHA-2T2-04.Post,UNK,0
PHA-2T2-04.Post2,FWD,2.6666666666666665
PHA-2T2-04.Post2,Herbaceous,6.011111111111111
PHA-2T2-04.Post2,Shrub,0.47777777777777775
PHA-2T2-04.Post2,Substrate,22.222222222222225
PHA-2T2-04.Post2,Tree,0.9333333333333332
PHA-2T2-04.Pre,FWD,2.5555555555555554
PHA-2T2-04.Pre,Fuel in Air,0.7777777777777778
PHA-2T2-04.Pre,Herbaceous,6.066666666666666
PHA-2T2-04.Pre,Shrub,0.9111111111111111
PHA-2T2-04.Pre,Substrate,18.11111111111111
PHA-2T2-04.Pre,Tree,3.111111111111111
PHA-2T2-05.Post,FWD,3.3333333333333335
PHA-2T2-05.Post,Fuel in Air,0.1111111111111111
PHA-2T2-05.Post,Herbaceous,1
PHA-2T2-05.Post,Shrub,3.111111111111111
PHA-2T2-05.Post,Substrate,22.22222222222222
PHA-2T2-05.Post,Tree,0.5555555555555556
PHA-2T2-05.Post2,FWD,9
PHA-2T2-05.Post2,Fuel in Air,0.8888888888888888
PHA-2T2-05.Post2,Herbaceous,2.7333333333333334
PHA-2T2-05.Post2,Shrub,4.111111111111111
PHA-2T2-05.Post2,Substrate,22.22222222222222
PHA-2T2-05.Post2,Tree,1.0666666666666667
PHA-2T2-05.Pre,FWD,4
PHA-2T2-05.Pre,Fuel in Air,3
PHA-2T2-05.Pre,Herbaceous,3.3444444444444446
PHA-2T2-05.Pre,Shrub,5.333333333333333
PHA-2T2-05.Pre,Substrate,18.555555555555554
PHA-2T2-05.Pre,Tree,2.5666666666666664
PHA-2T2-06.Post,FWD,2.111111111111111
PHA-2T2-06.Post,Fuel in Air,0.2222222222222222
PHA-2T2-06.Post,Herbaceous,0.8888888888888888
PHA-2T2-06.Post,Shrub,3
PHA-2T2-06.Post,Substrate,22.22222222222222
PHA-2T2-06.Post,Tree,0.8888888888888888
PHA-2T2-06.Post2,FWD,3.6666666666666665
PHA-2T2-06.Post2,Fuel in Air,0.3333333333333333
PHA-2T2-06.Post2,Herbaceous,3.822222222222222
PHA-2T2-06.Post2,Shrub,4.011111111111111
PHA-2T2-06.Post2,Substrate,22.22222222222222
PHA-2T2-06.Post2,Tree,0.8333333333333333
PHA-2T2-06.Pre,FWD,2.6666666666666665
PHA-2T2-06.Pre,Fuel in Air,0.2222222222222222
PHA-2T2-06.Pre,Herbaceous,3.1111111111111107
PHA-2T2-06.Pre,Shrub,4.566666666666666
PHA-2T2-06.Pre,Substrate,19.77777777777778
PHA-2T2-06.Pre,Tree,0.7888888888888889
PHA-2T3-01.Post,FWD,3.111111111111111
PHA-2T3-01.Post,Herbaceous,1.4444444444444444
PHA-2T3-01.Post,Shrub,6.666666666666667
PHA-2T3-01.Post,Substrate,22.22222222222222
PHA-2T3-01.Post,Tree,0.6666666666666666
PHA-2T3-01.Post,UNK,0
PHA-2T3-01.Post2,FWD,5
PHA-2T3-01.Post2,Fuel in Air,0.2222222222222222
PHA-2T3-01.Post2,Herbaceous,1.9
PHA-2T3-01.Post2,Shrub,6.044444444444444
PHA-2T3-01.Post2,Substrate,22.222222222222225
PHA-2T3-01.Post2,Tree,1.0666666666666667
PHA-2T3-01.Pre,FWD,2.6666666666666665
PHA-2T3-01.Pre,Fuel in Air,0.5555555555555556
PHA-2T3-01.Pre,Herbaceous,3.466666666666667
PHA-2T3-01.Pre,Shrub,3.3444444444444446
PHA-2T3-01.Pre,Substrate,19.555555555555557
PHA-2T3-01.Pre,Tree,3.911111111111111
PHA-2T3-02.Post,FWD,6.777777777777778
PHA-2T3-02.Post,Fuel in Air,0.3333333333333333
PHA-2T3-02.Post,Herbaceous,3.4444444444444446
PHA-2T3-02.Post,Shrub,2.111111111111111
PHA-2T3-02.Post,Substrate,22.22222222222222
PHA-2T3-02.Post,Tree,0.4444444444444444
PHA-2T3-02.Post,UNK,0
PHA-2T3-02.Post2,FWD,7.444444444444445
PHA-2T3-02.Post2,Fuel in Air,0.3333333333333333
PHA-2T3-02.Post2,Herbaceous,5.533333333333333
PHA-2T3-02.Post2,Shrub,2.5999999999999996
PHA-2T3-02.Post2,Substrate,22.22222222222222
PHA-2T3-02.Post2,Tree,1.4333333333333331
PHA-2T3-02.Pre,FWD,4.222222222222222
PHA-2T3-02.Pre,Fuel in Air,1.8888888888888888
PHA-2T3-02.Pre,Herbaceous,3.4777777777777774
PHA-2T3-02.Pre,Shrub,9.78888888888889
PHA-2T3-02.Pre,Substrate,17.333333333333332
PHA-2T3-02.Pre,Tree,1.1222222222222222
PHA-2T3-03.Post,FWD,3.4444444444444446
PHA-2T3-03.Post,Fuel in Air,0.1111111111111111
PHA-2T3-03.Post,Herbaceous,1.9999999999999998
PHA-2T3-03.Post,Shrub,0.7777777777777778
PHA-2T3-03.Post,Substrate,22.22222222222222
PHA-2T3-03.Post,Tree,0.1111111111111111
PHA-2T3-03.Post,UNK,0.1111111111111111
PHA-2T3-03.Post2,FWD,5.666666666666667
PHA-2T3-03.Post2,Fuel in Air,0.1111111111111111
PHA-2T3-03.Post2,Herbaceous,5.566666666666666
PHA-2T3-03.Post2,Shrub,1.7
PHA-2T3-03.Post2,Substrate,22.222222222222225
PHA-2T3-03.Post2,Tree,0.26666666666666666
PHA-2T3-03.Pre,FWD,1.7777777777777777
PHA-2T3-03.Pre,Fuel in Air,0.2222222222222222
PHA-2T3-03.Pre,Herbaceous,2.711111111111111
PHA-2T3-03.Pre,Shrub,1.8888888888888888
PHA-2T3-03.Pre,Substrate,20.444444444444446
PHA-2T3-03.Pre,Tree,1.1222222222222222
PHA-2T3-04.Post2,FWD,12.555555555555555
PHA-2T3-04.Post2,Fuel in Air,0.7777777777777778
PHA-2T3-04.Post2,Herbaceous,3.0666666666666664
PHA-2T3-04.Post2,Shrub,0.25555555555555554
PHA-2T3-04.Post2,Substrate,22.222222222222225
PHA-2T3-04.Post2,Tree,1.9777777777777776
PHA-2T3-04.Pre,FWD,3.3333333333333335
PHA-2T3-04.Pre,Fuel in Air,0.3333333333333333
PHA-2T3-04.Pre,Herbaceous,1.5333333333333332
PHA-2T3-04.Pre,Shrub,3.2333333333333334
PHA-2T3-04.Pre,Substrate,19
PHA-2T3-04.Pre,Tree,1.6888888888888889
PHA-2T3-05.Post,FWD,7.111111111111111
PHA-2T3-05.Post,Herbaceous,3.7777777777777777
PHA-2T3-05.Post,Shrub,1
PHA-2T3-05.Post,Substrate,22.11111111111111
PHA-2T3-05.Post2,FWD,4.111111111111111
PHA-2T3-05.Post2,Fuel in Air,0.3333333333333333
PHA-2T3-05.Post2,Herbaceous,7.300000000000001
PHA-2T3-05.Post2,Shrub,1.8444444444444443
PHA-2T3-05.Post2,Substrate,22.22222222222222
PHA-2T3-05.Post2,Tree,0.8666666666666667
PHA-2T3-05.Pre,FWD,4.444444444444445
PHA-2T3-05.Pre,Fuel in Air,0.4444444444444444
PHA-2T3-05.Pre,Herbaceous,2.6333333333333333
PHA-2T3-05.Pre,Shrub,5.011111111111111
PHA-2T3-05.Pre,Substrate,17.666666666666668
PHA-2T3-05.Pre,Tree,0.6888888888888889
PHA-2T3-06.Post,FWD,5.222222222222222
PHA-2T3-06.Post,Herbaceous,4
PHA-2T3-06.Post,Shrub,1.3333333333333333
PHA-2T3-06.Post,Substrate,22.22222222222222
PHA-2T3-06.Post,Tree,0.6666666666666666
PHA-2T3-06.Post,UNK,0
PHA-2T3-06.Post2,FWD,3.888888888888889
PHA-2T3-06.Post2,Herbaceous,3.6111111111111107
PHA-2T3-06.Post2,Shrub,3.9222222222222225
PHA-2T3-06.Post2,Substrate,22.22222222222222
PHA-2T3-06.Post2,Tree,0.6444444444444445
PHA-2T3-06.Pre,FWD,2.7777777777777777
PHA-2T3-06.Pre,Herbaceous,3.077777777777778
PHA-2T3-06.Pre,Shrub,5.344444444444445
PHA-2T3-06.Pre,Substrate,19.444444444444443
PHA-2T3-06.Pre,Tree,0.14444444444444443
